i,run,ri,uni,ch,board,bi,x,y,r,th
0,1,0,1,1,A,0,0.0,0.0,0.0,0.0
1,1,1,1,5,A,1,-15.0,25.981,30.0,120.0
2,1,2,1,9,A,2,-30.0,0.0,30.0,180.0
3,1,3,1,13,A,3,-15.0,-25.981,30.0,240.0
4,1,4,1,17,A,4,15.0,-25.981,30.0,300.0
5,1,5,1,21,A,5,30.0,0.0,30.0,0.0
6,1,6,1,25,A,6,15.0,25.981,30.0,60.0
7,1,7,1,29,A,7,15.529,57.955,60.0,75.0
8,1,8,1,33,A,8,42.426,42.426,60.0,45.0
9,1,9,1,37,A,9,57.956,15.529,60.0,15.0
10,1,10,1,41,A,10,57.956,-15.529,60.0,345.0
11,1,11,1,45,A,11,42.426,-42.426,60.0,315.0
12,1,12,1,49,A,12,15.529,-57.956,60.0,285.0
13,1,13,1,53,A,13,-15.529,-57.956,60.0,255.0
14,1,14,1,57,A,14,-42.426,-42.426,60.0,225.0
15,1,15,1,61,A,15,-57.956,-15.529,60.0,195.0
16,1,16,1,65,A,16,-57.956,15.529,60.0,165.0
17,1,17,1,69,A,17,-42.426,42.426,60.0,135.0
18,1,18,1,73,A,18,-15.529,57.955,60.0,105.0
19,1,19,1,77,A,19,-15.628,88.633,90.0,100.0
20,1,20,1,81,A,20,-45.0,77.942,90.0,120.0
21,1,21,1,85,A,21,-68.944,57.851,90.0,140.0
22,1,22,1,89,A,22,-84.572,30.782,90.0,160.0
23,1,23,1,93,A,23,-90.0,0.0,90.0,180.0
24,1,24,1,97,A,24,-84.572,-30.782,90.0,200.0
25,1,25,1,101,A,25,-68.944,-57.851,90.0,220.0
26,1,26,1,105,A,26,-45.0,-77.942,90.0,240.0
27,1,27,1,109,A,27,-15.628,-88.633,90.0,260.0
28,1,28,1,113,A,28,15.628,-88.633,90.0,280.0
29,1,29,1,117,A,29,45.0,-77.942,90.0,300.0
30,1,30,1,121,A,30,68.944,-57.851,90.0,320.0
31,1,31,1,125,A,31,84.572,-30.782,90.0,340.0
32,1,32,1,129,A,32,90.0,0.0,90.0,0.0
33,1,33,1,133,A,33,84.572,30.782,90.0,20.0
34,1,34,1,137,A,34,68.944,57.851,90.0,40.0
35,1,35,1,141,A,35,45.0,77.942,90.0,60.0
36,1,36,1,145,A,36,15.628,88.633,90.0,80.0
37,1,37,1,149,A,37,15.04,119.054,120.0,82.8
38,1,38,1,153,A,38,44.175,111.573,120.0,68.4
39,1,39,1,157,A,39,70.534,97.082,120.0,54.0
40,1,40,1,161,A,40,92.462,76.491,120.0,39.6
41,1,41,1,165,A,41,108.579,51.094,120.0,25.2
42,1,42,1,169,A,42,117.874,22.486,120.0,10.8
43,1,43,1,173,A,43,119.763,-7.535,120.0,356.4
44,1,44,1,177,A,44,114.127,-37.082,120.0,342.0
45,1,45,1,181,A,45,101.319,-64.299,120.0,327.6
46,1,46,1,185,A,46,82.146,-87.476,120.0,313.2
47,1,47,1,189,A,47,57.81,-105.157,120.0,298.8
48,1,48,1,193,A,48,29.843,-116.23,120.0,284.4
49,1,49,1,197,A,49,0.0,-120.0,120.0,270.0
50,1,50,1,201,A,50,-29.843,-116.23,120.0,255.6
51,1,51,1,205,A,51,-57.81,-105.157,120.0,241.2
52,1,52,1,209,A,52,-82.146,-87.476,120.0,226.8
53,1,53,1,213,A,53,-101.319,-64.299,120.0,212.4
54,1,54,1,217,A,54,-114.127,-37.082,120.0,198.0
55,1,55,1,221,A,55,-119.763,-7.535,120.0,183.6
56,1,56,1,225,A,56,-117.875,22.486,120.0,169.2
57,1,57,1,229,A,57,-108.579,51.094,120.0,154.8
58,1,58,1,233,A,58,-92.462,76.491,120.0,140.4
59,1,59,1,237,A,59,-70.534,97.082,120.0,126.0
60,1,60,1,241,A,60,-44.175,111.573,120.0,111.6
61,1,61,1,245,A,61,-15.04,119.054,120.0,97.2
62,1,62,1,249,A,62,-15.175,149.23,150.0,95.806
63,1,63,1,253,A,63,-44.905,143.121,150.0,107.419
64,1,64,1,257,A,64,-72.795,131.152,150.0,119.032
65,1,65,1,261,A,65,-97.706,113.814,150.0,130.645
66,1,66,1,265,A,66,-118.616,91.816,150.0,142.258
67,1,67,1,269,A,67,-134.671,66.059,150.0,153.871
68,1,68,1,273,A,68,-145.212,37.598,150.0,165.484
69,1,69,1,277,A,69,-149.808,7.597,150.0,177.097
70,1,70,1,281,A,70,-148.27,-22.714,150.0,188.71
71,1,71,1,285,A,71,-140.663,-52.096,150.0,200.323
72,1,72,1,289,A,72,-127.297,-79.345,150.0,211.935
73,1,73,1,293,A,73,-108.719,-103.345,150.0,223.548
74,1,74,1,297,A,74,-85.69,-123.115,150.0,235.161
75,1,75,1,301,A,75,-59.153,-137.844,150.0,246.774
76,1,76,1,305,A,76,-30.195,-146.929,150.0,258.387
77,1,77,1,309,A,77,0.0,-150.0,150.0,270.0
78,1,78,1,313,A,78,30.195,-146.929,150.0,281.613
79,1,79,1,317,A,79,59.153,-137.844,150.0,293.226
80,1,80,1,321,A,80,85.69,-123.115,150.0,304.839
81,1,81,1,325,A,81,108.719,-103.345,150.0,316.452
82,1,82,1,329,A,82,127.297,-79.345,150.0,328.065
83,1,83,1,333,A,83,140.663,-52.096,150.0,339.677
84,1,84,1,337,A,84,148.27,-22.714,150.0,351.29
85,1,85,1,341,A,85,149.807,7.597,150.0,2.903
86,1,86,1,345,A,86,145.212,37.598,150.0,14.516
87,1,87,1,349,A,87,134.671,66.059,150.0,26.129
88,1,88,1,353,A,88,118.616,91.816,150.0,37.742
89,1,89,1,357,A,89,97.706,113.814,150.0,49.355
90,1,90,1,361,A,90,72.795,131.152,150.0,60.968
91,1,91,1,365,A,91,44.904,143.121,150.0,72.581
92,1,92,1,369,A,92,15.175,149.23,150.0,84.194
93,1,93,1,373,A,93,15.265,179.351,180.0,85.135
94,1,94,1,377,A,94,45.356,174.192,180.0,75.405
95,1,95,1,381,A,95,74.142,164.021,180.0,65.676
96,1,96,1,385,A,96,100.795,149.132,180.0,55.946
97,1,97,1,389,A,97,124.549,129.952,180.0,46.216
98,1,98,1,393,A,98,144.72,107.034,180.0,36.486
99,1,99,1,397,A,99,160.727,81.037,180.0,26.757
100,1,100,1,401,A,100,172.11,52.708,180.0,17.027
101,1,101,1,405,A,101,178.542,22.863,180.0,7.297
102,1,102,1,409,A,102,179.838,-7.639,180.0,357.568
103,1,103,1,413,A,103,175.96,-37.922,180.0,347.838
104,1,104,1,417,A,104,167.02,-67.114,180.0,338.108
105,1,105,1,421,A,105,153.275,-94.375,180.0,328.378
106,1,106,1,425,A,106,135.121,-118.921,180.0,318.649
107,1,107,1,429,A,107,113.08,-140.046,180.0,308.919
108,1,108,1,433,A,108,87.785,-157.142,180.0,299.189
109,1,109,1,437,A,109,59.965,-169.718,180.0,289.459
110,1,110,1,441,A,110,30.42,-177.411,180.0,279.73
111,1,111,1,445,A,111,0.0,-180.0,180.0,270.0
112,1,112,1,449,A,112,-30.42,-177.411,180.0,260.27
113,1,113,1,453,A,113,-59.965,-169.718,180.0,250.541
114,1,114,1,457,A,114,-87.785,-157.142,180.0,240.811
115,1,115,1,461,A,115,-113.08,-140.046,180.0,231.081
116,1,116,1,465,A,116,-135.121,-118.921,180.0,221.351
117,1,117,1,469,A,117,-153.275,-94.375,180.0,211.622
118,1,118,1,473,A,118,-167.02,-67.114,180.0,201.892
119,1,119,1,477,A,119,-175.96,-37.922,180.0,192.162
120,1,120,1,481,A,120,-179.838,-7.639,180.0,182.432
121,1,121,1,485,A,121,-178.542,22.863,180.0,172.703
122,1,122,1,489,A,122,-172.11,52.708,180.0,162.973
123,1,123,1,493,A,123,-160.727,81.037,180.0,153.243
124,1,124,1,497,A,124,-144.72,107.034,180.0,143.514
125,1,125,1,501,A,125,-124.549,129.952,180.0,133.784
126,1,126,1,505,A,126,-100.796,149.132,180.0,124.054
127,1,127,1,509,A,127,-74.142,164.021,180.0,114.324
128,1,128,2,1,A,128,-45.356,174.192,180.0,104.595
129,1,129,2,5,A,129,-15.265,179.351,180.0,94.865
130,1,130,2,9,A,130,-15.329,209.44,210.0,94.186
131,1,131,2,13,A,131,-45.66,204.976,210.0,102.558
132,1,132,2,17,A,132,-75.019,196.143,210.0,110.93
133,1,133,2,21,A,133,-102.778,183.13,210.0,119.302
134,1,134,2,25,A,134,-128.346,166.214,210.0,127.674
135,1,135,2,29,A,135,-151.18,145.756,210.0,136.047
136,1,136,2,33,A,136,-170.791,122.19,210.0,144.419
137,1,137,2,37,A,137,-186.762,96.021,210.0,152.791
138,1,138,2,41,A,138,-198.752,67.805,210.0,161.163
139,1,139,2,45,A,139,-206.507,38.144,210.0,169.535
140,1,140,2,49,A,140,-209.86,7.67,210.0,177.907
141,1,141,2,53,A,141,-208.74,-22.968,210.0,186.279
142,1,142,2,57,A,142,-203.172,-53.116,210.0,194.651
143,1,143,2,61,A,143,-193.273,-82.132,210.0,203.023
144,1,144,2,65,A,144,-179.255,-109.397,210.0,211.395
145,1,145,2,69,A,145,-161.416,-134.331,210.0,219.767
146,1,146,2,73,A,146,-140.137,-156.402,210.0,228.14
147,1,147,2,77,A,147,-115.871,-175.139,210.0,236.512
148,1,148,2,81,A,148,-89.136,-190.144,210.0,244.884
149,1,149,2,85,A,149,-60.501,-201.096,210.0,253.256
150,1,150,2,89,A,150,-30.576,-207.762,210.0,261.628
151,1,151,2,93,A,151,0.0,-210.0,210.0,270.0
152,1,152,2,97,A,152,30.576,-207.762,210.0,278.372
153,1,153,2,101,A,153,60.501,-201.096,210.0,286.744
154,1,154,2,105,A,154,89.136,-190.144,210.0,295.116
155,1,155,2,109,A,155,115.871,-175.139,210.0,303.488
156,1,156,2,113,A,156,140.137,-156.402,210.0,311.86
157,1,157,2,117,A,157,161.416,-134.331,210.0,320.233
158,1,158,2,121,A,158,179.254,-109.397,210.0,328.605
159,1,159,2,125,A,159,193.273,-82.132,210.0,336.977
160,1,160,2,129,A,160,203.172,-53.116,210.0,345.349
161,1,161,2,133,A,161,208.74,-22.968,210.0,353.721
162,1,162,2,137,A,162,209.86,7.67,210.0,2.093
163,1,163,2,141,A,163,206.507,38.144,210.0,10.465
164,1,164,2,145,A,164,198.752,67.805,210.0,18.837
165,1,165,2,149,A,165,186.762,96.021,210.0,27.209
166,1,166,2,153,A,166,170.791,122.19,210.0,35.581
167,1,167,2,157,A,167,151.18,145.756,210.0,43.953
168,1,168,2,161,A,168,128.346,166.214,210.0,52.326
169,1,169,2,165,A,169,102.778,183.13,210.0,60.698
170,1,170,2,169,A,170,75.018,196.143,210.0,69.07
171,1,171,2,173,A,171,45.66,204.976,210.0,77.442
172,1,172,2,177,A,172,15.329,209.44,210.0,85.814
173,1,173,2,181,B1,0,15.697,239.486,240.0,86.25
174,1,174,2,185,B1,1,46.822,235.389,240.0,78.75
175,1,175,2,189,B1,2,77.145,227.263,240.0,71.25
176,1,176,2,193,B1,3,106.149,215.25,240.0,63.75
177,1,177,2,197,B1,4,119.418,242.156,270.0,63.75
178,1,178,2,201,B1,5,86.789,255.671,270.0,71.25
179,1,179,2,205,B1,6,52.674,264.812,270.0,78.75
180,1,180,2,209,B1,7,17.659,269.422,270.0,86.25
181,1,181,2,213,B1,8,15.701,299.589,300.0,87.0
182,1,182,2,217,B1,9,46.93,296.307,300.0,81.0
183,1,183,2,221,B1,10,77.646,289.778,300.0,75.0
184,1,184,2,225,B1,11,107.51,280.074,300.0,69.0
185,1,185,2,229,B1,12,136.197,267.302,300.0,63.0
186,1,186,2,233,B1,13,149.817,294.032,330.0,63.0
187,1,187,2,237,B1,14,118.261,308.082,330.0,69.0
188,1,188,2,241,B1,15,85.41,318.756,330.0,75.0
189,1,189,2,245,B1,16,51.623,325.937,330.0,81.0
190,1,190,2,249,B1,17,17.271,329.548,330.0,87.0
191,1,191,2,253,B1,18,15.703,359.657,360.0,87.5
192,1,192,2,257,B1,19,46.989,356.92,360.0,82.5
193,1,193,2,261,B1,20,77.918,351.467,360.0,77.5
194,1,194,2,265,B1,21,108.254,343.338,360.0,72.5
195,1,195,2,269,B1,22,137.766,332.597,360.0,67.5
196,1,196,2,273,B1,23,166.23,319.324,360.0,62.5
197,1,197,2,277,B1,24,180.082,345.934,390.0,62.5
198,1,198,2,281,B1,25,149.247,360.313,390.0,67.5
199,1,199,2,285,B1,26,117.275,371.95,390.0,72.5
200,1,200,2,289,B1,27,84.411,380.755,390.0,77.5
201,1,201,2,293,B1,28,50.905,386.663,390.0,82.5
202,1,202,2,297,B1,29,17.012,389.629,390.0,87.5
203,1,203,2,301,B1,30,15.704,419.706,420.0,87.857
204,1,204,2,305,B1,31,47.025,417.359,420.0,83.571
205,1,205,2,309,B1,32,78.083,412.678,420.0,79.286
206,1,206,2,313,B1,33,108.704,405.689,420.0,75.0
207,1,207,2,317,B1,34,138.717,396.431,420.0,70.714
208,1,208,2,321,B1,35,167.955,384.956,420.0,66.429
209,1,209,2,325,B1,36,196.253,371.329,420.0,62.143
210,1,210,2,329,B1,37,210.271,397.852,450.0,62.143
211,1,211,2,333,B1,38,179.952,412.453,450.0,66.429
212,1,212,2,337,B1,39,148.626,424.748,450.0,70.714
213,1,213,2,341,B1,40,116.469,434.667,450.0,75.0
214,1,214,2,345,B1,41,83.66,442.155,450.0,79.286
215,1,215,2,349,B1,42,50.384,447.171,450.0,83.571
216,1,216,2,353,B1,43,16.826,449.685,450.0,87.857
217,1,217,2,357,B1,44,15.705,479.743,480.0,88.125
218,1,218,2,361,B1,45,47.048,477.689,480.0,84.375
219,1,219,2,365,B1,46,78.19,473.589,480.0,80.625
220,1,220,2,369,B1,47,108.997,467.461,480.0,76.875
221,1,221,2,373,B1,48,139.337,459.331,480.0,73.125
222,1,222,2,377,B1,49,169.08,449.235,480.0,69.375
223,1,223,2,381,B1,50,198.099,437.215,480.0,65.625
224,1,224,2,385,B1,51,226.27,423.322,480.0,61.875
225,1,225,2,389,B1,52,240.412,449.78,510.0,61.875
226,1,226,2,393,B1,53,210.481,464.541,510.0,65.625
227,1,227,2,397,B1,54,179.648,477.312,510.0,69.375
228,1,228,2,401,B1,55,148.045,488.04,510.0,73.125
229,1,229,2,405,B1,56,115.809,496.677,510.0,76.875
230,1,230,2,409,B1,57,83.077,503.188,510.0,80.625
231,1,231,2,413,B1,58,49.989,507.544,510.0,84.375
232,1,232,2,417,B1,59,16.687,509.727,510.0,88.125
233,1,233,2,421,B1,60,15.706,539.772,540.0,88.333
234,1,234,2,425,B1,61,47.064,537.945,540.0,85.0
235,1,235,2,429,B1,62,78.263,534.298,540.0,81.667
236,1,236,2,433,B1,63,109.197,528.844,540.0,78.333
237,1,237,2,437,B1,64,139.762,521.6,540.0,75.0
238,1,238,2,441,B1,65,169.854,512.591,540.0,71.667
239,1,239,2,445,B1,66,199.371,501.848,540.0,68.333
240,1,240,2,449,B1,67,228.214,489.406,540.0,65.0
241,1,241,2,453,B1,68,256.284,475.309,540.0,61.667
242,1,242,2,457,B1,69,270.522,501.715,570.0,61.667
243,1,243,2,461,B1,70,240.892,516.596,570.0,65.0
244,1,244,2,465,B1,71,210.448,529.728,570.0,68.333
245,1,245,2,469,B1,72,179.291,541.068,570.0,71.667
246,1,246,2,473,B1,73,147.527,550.578,570.0,75.0
247,1,247,2,477,B1,74,115.264,558.224,570.0,78.333
248,1,248,2,481,B1,75,82.611,563.982,570.0,81.667
249,1,249,2,485,B1,76,49.679,567.831,570.0,85.0
250,1,250,2,489,B1,77,16.578,569.759,570.0,88.333
251,1,251,2,493,B1,78,15.706,599.794,600.0,88.5
252,1,252,2,497,B1,79,47.075,598.15,600.0,85.5
253,1,253,2,501,B1,80,78.316,594.867,600.0,82.5
254,1,254,2,505,B1,81,109.341,589.953,600.0,79.5
255,1,255,2,509,B1,82,140.067,583.422,600.0,76.5
256,1,256,3,1,B1,83,170.409,575.292,600.0,73.5
257,1,257,3,5,B1,84,200.284,565.585,600.0,70.5
258,1,258,3,9,B1,85,229.61,554.328,600.0,67.5
259,1,259,3,13,B1,86,258.307,541.551,600.0,64.5
260,1,260,3,17,B1,87,286.295,527.29,600.0,61.5
261,1,261,3,21,B1,88,300.61,553.655,630.0,61.5
262,1,262,3,25,B1,89,271.222,568.629,630.0,64.5
263,1,263,3,29,B1,90,241.091,582.044,630.0,67.5
264,1,264,3,33,B1,91,210.298,593.864,630.0,70.5
265,1,265,3,37,B1,92,178.93,604.057,630.0,73.5
266,1,266,3,41,B1,93,147.071,612.593,630.0,76.5
267,1,267,3,45,B1,94,114.808,619.451,630.0,79.5
268,1,268,3,49,B1,95,82.232,624.61,630.0,82.5
269,1,269,3,53,B1,96,49.429,628.058,630.0,85.5
270,1,270,3,57,B1,97,16.491,629.784,630.0,88.5
271,1,271,3,61,B1,98,15.707,659.813,660.0,88.636
272,1,272,3,65,B1,99,47.084,658.318,660.0,85.909
273,1,273,3,69,B1,100,78.355,655.332,660.0,83.182
274,1,274,3,73,B1,101,109.448,650.862,660.0,80.455
275,1,275,3,77,B1,102,140.293,644.917,660.0,77.727
276,1,276,3,81,B1,103,170.821,637.511,660.0,75.0
277,1,277,3,85,B1,104,200.961,628.661,660.0,72.273
278,1,278,3,89,B1,105,230.646,618.387,660.0,69.545
279,1,279,3,93,B1,106,259.809,606.712,660.0,66.818
280,1,280,3,97,B1,107,288.383,593.662,660.0,64.091
281,1,281,3,101,B1,108,316.304,579.268,660.0,61.364
282,2,0,4,1,B2,0,-106.149,215.25,240.0,116.25
283,2,1,4,5,B2,1,-77.145,227.263,240.0,108.75
284,2,2,4,9,B2,2,-46.822,235.389,240.0,101.25
285,2,3,4,13,B2,3,-15.697,239.486,240.0,93.75
286,2,4,4,17,B2,4,-17.659,269.422,270.0,93.75
287,2,5,4,21,B2,5,-52.674,264.812,270.0,101.25
288,2,6,4,25,B2,6,-86.789,255.671,270.0,108.75
289,2,7,4,29,B2,7,-119.418,242.156,270.0,116.25
290,2,8,4,33,B2,8,-136.197,267.302,300.0,117.0
291,2,9,4,37,B2,9,-107.51,280.074,300.0,111.0
292,2,10,4,41,B2,10,-77.646,289.778,300.0,105.0
293,2,11,4,45,B2,11,-46.93,296.307,300.0,99.0
294,2,12,4,49,B2,12,-15.701,299.589,300.0,93.0
295,2,13,4,53,B2,13,-17.271,329.548,330.0,93.0
296,2,14,4,57,B2,14,-51.623,325.937,330.0,99.0
297,2,15,4,61,B2,15,-85.41,318.756,330.0,105.0
298,2,16,4,65,B2,16,-118.261,308.082,330.0,111.0
299,2,17,4,69,B2,17,-149.817,294.032,330.0,117.0
300,2,18,4,73,B2,18,-166.23,319.324,360.0,117.5
301,2,19,4,77,B2,19,-137.766,332.597,360.0,112.5
302,2,20,4,81,B2,20,-108.254,343.338,360.0,107.5
303,2,21,4,85,B2,21,-77.918,351.467,360.0,102.5
304,2,22,4,89,B2,22,-46.989,356.92,360.0,97.5
305,2,23,4,93,B2,23,-15.703,359.657,360.0,92.5
306,2,24,4,97,B2,24,-17.012,389.629,390.0,92.5
307,2,25,4,101,B2,25,-50.905,386.664,390.0,97.5
308,2,26,4,105,B2,26,-84.411,380.756,390.0,102.5
309,2,27,4,109,B2,27,-117.275,371.95,390.0,107.5
310,2,28,4,113,B2,28,-149.246,360.313,390.0,112.5
311,2,29,4,117,B2,29,-180.082,345.934,390.0,117.5
312,2,30,4,121,B2,30,-196.253,371.329,420.0,117.857
313,2,31,4,125,B2,31,-167.955,384.956,420.0,113.571
314,2,32,4,129,B2,32,-138.717,396.431,420.0,109.286
315,2,33,4,133,B2,33,-108.704,405.689,420.0,105.0
316,2,34,4,137,B2,34,-78.083,412.678,420.0,100.714
317,2,35,4,141,B2,35,-47.025,417.359,420.0,96.429
318,2,36,4,145,B2,36,-15.704,419.706,420.0,92.143
319,2,37,4,149,B2,37,-16.826,449.685,450.0,92.143
320,2,38,4,153,B2,38,-50.384,447.171,450.0,96.429
321,2,39,4,157,B2,39,-83.66,442.155,450.0,100.714
322,2,40,4,161,B2,40,-116.469,434.667,450.0,105.0
323,2,41,4,165,B2,41,-148.626,424.748,450.0,109.286
324,2,42,4,169,B2,42,-179.951,412.453,450.0,113.571
325,2,43,4,173,B2,43,-210.271,397.852,450.0,117.857
326,2,44,4,177,B2,44,-226.27,423.322,480.0,118.125
327,2,45,4,181,B2,45,-198.099,437.215,480.0,114.375
328,2,46,4,185,B2,46,-169.08,449.235,480.0,110.625
329,2,47,4,189,B2,47,-139.337,459.331,480.0,106.875
330,2,48,4,193,B2,48,-108.997,467.461,480.0,103.125
331,2,49,4,197,B2,49,-78.19,473.589,480.0,99.375
332,2,50,4,201,B2,50,-47.048,477.689,480.0,95.625
333,2,51,4,205,B2,51,-15.705,479.743,480.0,91.875
334,2,52,4,209,B2,52,-16.687,509.727,510.0,91.875
335,2,53,4,213,B2,53,-49.989,507.544,510.0,95.625
336,2,54,4,217,B2,54,-83.077,503.188,510.0,99.375
337,2,55,4,221,B2,55,-115.809,496.677,510.0,103.125
338,2,56,4,225,B2,56,-148.045,488.04,510.0,106.875
339,2,57,4,229,B2,57,-179.648,477.312,510.0,110.625
340,2,58,4,233,B2,58,-210.481,464.541,510.0,114.375
341,2,59,4,237,B2,59,-240.412,449.78,510.0,118.125
342,2,60,4,241,B2,60,-256.284,475.309,540.0,118.333
343,2,61,4,245,B2,61,-228.214,489.406,540.0,115.0
344,2,62,4,249,B2,62,-199.371,501.848,540.0,111.667
345,2,63,4,253,B2,63,-169.854,512.591,540.0,108.333
346,2,64,4,257,B2,64,-139.762,521.6,540.0,105.0
347,2,65,4,261,B2,65,-109.197,528.844,540.0,101.667
348,2,66,4,265,B2,66,-78.263,534.299,540.0,98.333
349,2,67,4,269,B2,67,-47.064,537.945,540.0,95.0
350,2,68,4,273,B2,68,-15.706,539.772,540.0,91.667
351,2,69,4,277,B2,69,-16.578,569.759,570.0,91.667
352,2,70,4,281,B2,70,-49.679,567.831,570.0,95.0
353,2,71,4,285,B2,71,-82.611,563.982,570.0,98.333
354,2,72,4,289,B2,72,-115.264,558.224,570.0,101.667
355,2,73,4,293,B2,73,-147.527,550.578,570.0,105.0
356,2,74,4,297,B2,74,-179.29,541.068,570.0,108.333
357,2,75,4,301,B2,75,-210.448,529.728,570.0,111.667
358,2,76,4,305,B2,76,-240.892,516.595,570.0,115.0
359,2,77,4,309,B2,77,-270.522,501.715,570.0,118.333
360,2,78,4,313,B2,78,-286.295,527.29,600.0,118.5
361,2,79,4,317,B2,79,-258.307,541.551,600.0,115.5
362,2,80,4,321,B2,80,-229.61,554.328,600.0,112.5
363,2,81,4,325,B2,81,-200.284,565.585,600.0,109.5
364,2,82,4,329,B2,82,-170.409,575.292,600.0,106.5
365,2,83,4,333,B2,83,-140.067,583.422,600.0,103.5
366,2,84,4,337,B2,84,-109.341,589.953,600.0,100.5
367,2,85,4,341,B2,85,-78.316,594.867,600.0,97.5
368,2,86,4,345,B2,86,-47.075,598.15,600.0,94.5
369,2,87,4,349,B2,87,-15.706,599.794,600.0,91.5
370,2,88,4,353,B2,88,-16.491,629.784,630.0,91.5
371,2,89,4,357,B2,89,-49.429,628.058,630.0,94.5
372,2,90,4,361,B2,90,-82.231,624.61,630.0,97.5
373,2,91,4,365,B2,91,-114.808,619.451,630.0,100.5
374,2,92,4,369,B2,92,-147.071,612.593,630.0,103.5
375,2,93,4,373,B2,93,-178.93,604.056,630.0,106.5
376,2,94,4,377,B2,94,-210.298,593.864,630.0,109.5
377,2,95,4,381,B2,95,-241.09,582.044,630.0,112.5
378,2,96,4,385,B2,96,-271.222,568.629,630.0,115.5
379,2,97,4,389,B2,97,-300.61,553.655,630.0,118.5
380,2,98,4,393,B2,98,-316.304,579.268,660.0,118.636
381,2,99,4,397,B2,99,-288.383,593.662,660.0,115.909
382,2,100,4,401,B2,100,-259.809,606.712,660.0,113.182
383,2,101,4,405,B2,101,-230.646,618.387,660.0,110.455
384,2,102,4,409,B2,102,-200.961,628.661,660.0,107.727
385,2,103,4,413,B2,103,-170.821,637.511,660.0,105.0
386,2,104,4,417,B2,104,-140.293,644.917,660.0,102.273
387,2,105,4,421,B2,105,-109.448,650.862,660.0,99.545
388,2,106,4,425,B2,106,-78.355,655.332,660.0,96.818
389,2,107,4,429,B2,107,-47.084,658.318,660.0,94.091
390,2,108,4,433,B2,108,-15.706,659.813,660.0,91.364
391,2,109,4,437,B3,0,-199.553,133.337,240.0,146.25
392,2,110,4,441,B3,1,-180.442,158.243,240.0,138.75
393,2,111,4,445,B3,2,-158.243,180.442,240.0,131.25
394,2,112,4,449,B3,3,-133.337,199.553,240.0,123.75
395,2,113,4,453,B3,4,-150.004,224.497,270.0,123.75
396,2,114,4,457,B3,5,-178.023,202.997,270.0,131.25
397,2,115,4,461,B3,6,-202.997,178.023,270.0,138.75
398,2,116,4,465,B3,7,-224.497,150.004,270.0,146.25
399,2,117,4,469,B3,8,-251.601,163.392,300.0,147.0
400,2,118,4,473,B3,9,-233.144,188.796,300.0,141.0
401,2,119,4,477,B3,10,-212.132,212.132,300.0,135.0
402,2,120,4,481,B3,11,-188.796,233.144,300.0,129.0
403,2,121,4,485,B3,12,-163.392,251.601,300.0,123.0
404,2,122,4,489,B3,13,-179.731,276.761,330.0,123.0
405,2,123,4,493,B3,14,-207.676,256.458,330.0,129.0
406,2,124,4,497,B3,15,-233.345,233.345,330.0,135.0
407,2,125,4,501,B3,16,-256.458,207.676,330.0,141.0
408,2,126,4,505,B3,17,-276.761,179.731,330.0,147.0
409,2,127,4,509,B3,18,-303.621,193.428,360.0,147.5
410,2,128,5,1,B3,19,-285.607,219.154,360.0,142.5
411,2,129,5,5,B3,20,-265.42,243.213,360.0,137.5
412,2,130,5,9,B3,21,-243.212,265.42,360.0,132.5
413,2,131,5,13,B3,22,-219.154,285.607,360.0,127.5
414,2,132,5,17,B3,23,-193.428,303.621,360.0,122.5
415,2,133,5,21,B3,24,-209.547,328.923,390.0,122.5
416,2,134,5,25,B3,25,-237.417,309.408,390.0,127.5
417,2,135,5,29,B3,26,-263.48,287.538,390.0,132.5
418,2,136,5,33,B3,27,-287.538,263.48,390.0,137.5
419,2,137,5,37,B3,28,-309.408,237.417,390.0,142.5
420,2,138,5,41,B3,29,-328.923,209.547,390.0,147.5
421,2,139,5,45,B3,30,-355.624,223.454,420.0,147.857
422,2,140,5,49,B3,31,-337.931,249.405,420.0,143.571
423,2,141,5,53,B3,32,-318.348,273.961,420.0,139.286
424,2,142,5,57,B3,33,-296.985,296.985,420.0,135.0
425,2,143,5,61,B3,34,-273.961,318.348,420.0,130.714
426,2,144,5,65,B3,35,-249.404,337.931,420.0,126.429
427,2,145,5,69,B3,36,-223.453,355.624,420.0,122.143
428,2,146,5,73,B3,37,-239.414,381.026,450.0,122.143
429,2,147,5,77,B3,38,-267.219,362.069,450.0,126.429
430,2,148,5,81,B3,39,-293.529,341.087,450.0,130.714
431,2,149,5,85,B3,40,-318.198,318.198,450.0,135.0
432,2,150,5,89,B3,41,-341.087,293.529,450.0,139.286
433,2,151,5,93,B3,42,-362.069,267.219,450.0,143.571
434,2,152,5,97,B3,43,-381.026,239.415,450.0,147.857
435,2,153,5,101,B3,44,-407.617,253.473,480.0,148.125
436,2,154,5,105,B3,45,-390.166,279.589,480.0,144.375
437,2,155,5,109,B3,46,-371.045,304.509,480.0,140.625
438,2,156,5,113,B3,47,-350.335,328.124,480.0,136.875
439,2,157,5,117,B3,48,-328.124,350.335,480.0,133.125
440,2,158,5,121,B3,49,-304.509,371.045,480.0,129.375
441,2,159,5,125,B3,50,-279.589,390.166,480.0,125.625
442,2,160,5,129,B3,51,-253.473,407.617,480.0,121.875
443,2,161,5,133,B3,52,-269.315,433.093,510.0,121.875
444,2,162,5,137,B3,53,-297.064,414.552,510.0,125.625
445,2,163,5,141,B3,54,-323.541,394.235,510.0,129.375
446,2,164,5,145,B3,55,-348.632,372.231,510.0,133.125
447,2,165,5,149,B3,56,-372.231,348.632,510.0,136.875
448,2,166,5,153,B3,57,-394.235,323.541,510.0,140.625
449,2,167,5,157,B3,58,-414.552,297.064,510.0,144.375
450,2,168,5,161,B3,59,-433.093,269.315,510.0,148.125
451,2,169,5,165,B3,60,-459.603,283.487,540.0,148.333
452,2,170,5,169,B3,61,-442.342,309.731,540.0,145.0
453,2,171,5,173,B3,62,-423.584,334.927,540.0,141.667
454,2,172,5,177,B3,63,-403.394,358.99,540.0,138.333
455,2,173,5,181,B3,64,-381.838,381.838,540.0,135.0
456,2,174,5,185,B3,65,-358.99,403.394,540.0,131.667
457,2,175,5,189,B3,66,-334.927,423.585,540.0,128.333
458,2,176,5,193,B3,67,-309.731,442.342,540.0,125.0
459,2,177,5,197,B3,68,-283.487,459.603,540.0,121.667
460,2,178,5,201,B3,69,-299.237,485.137,570.0,121.667
461,2,179,5,205,B3,70,-326.939,466.917,570.0,125.0
462,2,180,5,209,B3,71,-353.534,447.117,570.0,128.333
463,2,181,5,213,B3,72,-378.934,425.804,570.0,131.667
464,2,182,5,217,B3,73,-403.051,403.051,570.0,135.0
465,2,183,5,221,B3,74,-425.804,378.934,570.0,138.333
466,2,184,5,225,B3,75,-447.117,353.534,570.0,141.667
467,2,185,5,229,B3,76,-466.917,326.939,570.0,145.0
468,2,186,5,233,B3,77,-485.137,299.237,570.0,148.333
469,2,187,5,237,B3,78,-511.584,313.499,600.0,148.5
470,2,188,5,241,B3,79,-494.476,339.844,600.0,145.5
471,2,189,5,245,B3,80,-476.012,365.257,600.0,142.5
472,2,190,5,249,B3,81,-456.244,389.669,600.0,139.5
473,2,191,5,253,B3,82,-435.225,413.013,600.0,136.5
474,2,192,5,257,B3,83,-413.013,435.225,600.0,133.5
475,2,193,5,261,B3,84,-389.669,456.244,600.0,130.5
476,2,194,5,265,B3,85,-365.257,476.012,600.0,127.5
477,2,195,5,269,B3,86,-339.844,494.476,600.0,124.5
478,2,196,5,273,B3,87,-313.499,511.584,600.0,121.5
479,2,197,5,277,B3,88,-329.174,537.163,630.0,121.5
480,2,198,5,281,B3,89,-356.836,519.2,630.0,124.5
481,2,199,5,285,B3,90,-383.52,499.813,630.0,127.5
482,2,200,5,289,B3,91,-409.152,479.056,630.0,130.5
483,2,201,5,293,B3,92,-433.663,456.986,630.0,133.5
484,2,202,5,297,B3,93,-456.986,433.663,630.0,136.5
485,2,203,5,301,B3,94,-479.056,409.152,630.0,139.5
486,2,204,5,305,B3,95,-499.813,383.52,630.0,142.5
487,2,205,5,309,B3,96,-519.2,356.836,630.0,145.5
488,2,206,5,313,B3,97,-537.163,329.174,630.0,148.5
489,2,207,5,317,B3,98,-563.562,343.509,660.0,148.636
490,2,208,5,321,B3,99,-546.579,369.935,660.0,145.909
491,2,209,5,325,B3,100,-528.357,395.523,660.0,143.182
492,2,210,5,329,B3,101,-508.939,420.216,660.0,140.455
493,2,211,5,333,B3,102,-488.368,443.956,660.0,137.727
494,2,212,5,337,B3,103,-466.691,466.691,660.0,135.0
495,2,213,5,341,B3,104,-443.956,488.368,660.0,132.273
496,2,214,5,345,B3,105,-420.216,508.939,660.0,129.545
497,2,215,5,349,B3,106,-395.523,528.357,660.0,126.818
498,2,216,5,353,B3,107,-369.935,546.579,660.0,124.091
499,2,217,5,357,B3,108,-343.509,563.562,660.0,121.364
500,2,218,5,361,B4,0,-239.486,15.697,240.0,176.25
501,2,219,5,365,B4,1,-235.389,46.822,240.0,168.75
502,2,220,5,369,B4,2,-227.263,77.146,240.0,161.25
503,2,221,5,373,B4,3,-215.25,106.149,240.0,153.75
504,2,222,5,377,B4,4,-242.156,119.418,270.0,153.75
505,2,223,5,381,B4,5,-255.671,86.789,270.0,161.25
506,2,224,5,385,B4,6,-264.812,52.674,270.0,168.75
507,2,225,5,389,B4,7,-269.422,17.659,270.0,176.25
508,2,226,5,393,B4,8,-299.589,15.701,300.0,177.0
509,2,227,5,397,B4,9,-296.307,46.93,300.0,171.0
510,2,228,5,401,B4,10,-289.778,77.646,300.0,165.0
511,2,229,5,405,B4,11,-280.074,107.51,300.0,159.0
512,2,230,5,409,B4,12,-267.302,136.197,300.0,153.0
513,2,231,5,413,B4,13,-294.032,149.817,330.0,153.0
514,2,232,5,417,B4,14,-308.082,118.262,330.0,159.0
515,2,233,5,421,B4,15,-318.756,85.41,330.0,165.0
516,2,234,5,425,B4,16,-325.937,51.623,330.0,171.0
517,2,235,5,429,B4,17,-329.548,17.271,330.0,177.0
518,2,236,5,433,B4,18,-359.657,15.703,360.0,177.5
519,2,237,5,437,B4,19,-356.92,46.99,360.0,172.5
520,2,238,5,441,B4,20,-351.467,77.918,360.0,167.5
521,2,239,5,445,B4,21,-343.338,108.254,360.0,162.5
522,2,240,5,449,B4,22,-332.597,137.766,360.0,157.5
523,2,241,5,453,B4,23,-319.324,166.23,360.0,152.5
524,2,242,5,457,B4,24,-345.934,180.082,390.0,152.5
525,2,243,5,461,B4,25,-360.313,149.247,390.0,157.5
526,2,244,5,465,B4,26,-371.95,117.275,390.0,162.5
527,2,245,5,469,B4,27,-380.755,84.412,390.0,167.5
528,2,246,5,473,B4,28,-386.663,50.905,390.0,172.5
529,2,247,5,477,B4,29,-389.629,17.012,390.0,177.5
530,2,248,5,481,B4,30,-419.706,15.704,420.0,177.857
531,2,249,5,485,B4,31,-417.359,47.025,420.0,173.571
532,2,250,5,489,B4,32,-412.678,78.083,420.0,169.286
533,2,251,5,493,B4,33,-405.689,108.704,420.0,165.0
534,2,252,5,497,B4,34,-396.431,138.717,420.0,160.714
535,2,253,5,501,B4,35,-384.956,167.955,420.0,156.429
536,2,254,5,505,B4,36,-371.329,196.253,420.0,152.143
537,2,255,5,509,B4,37,-397.852,210.271,450.0,152.143
538,2,256,6,1,B4,38,-412.453,179.952,450.0,156.429
539,2,257,6,5,B4,39,-424.748,148.626,450.0,160.714
540,2,258,6,9,B4,40,-434.667,116.469,450.0,165.0
541,2,259,6,13,B4,41,-442.155,83.66,450.0,169.286
542,2,260,6,17,B4,42,-447.171,50.384,450.0,173.571
543,2,261,6,21,B4,43,-449.685,16.826,450.0,177.857
544,2,262,6,25,B4,44,-479.743,15.705,480.0,178.125
545,2,263,6,29,B4,45,-477.689,47.048,480.0,174.375
546,2,264,6,33,B4,46,-473.589,78.19,480.0,170.625
547,2,265,6,37,B4,47,-467.461,108.997,480.0,166.875
548,2,266,6,41,B4,48,-459.331,139.337,480.0,163.125
549,2,267,6,45,B4,49,-449.235,169.08,480.0,159.375
550,2,268,6,49,B4,50,-437.215,198.099,480.0,155.625
551,2,269,6,53,B4,51,-423.322,226.271,480.0,151.875
552,2,270,6,57,B4,52,-449.78,240.412,510.0,151.875
553,2,271,6,61,B4,53,-464.541,210.481,510.0,155.625
554,2,272,6,65,B4,54,-477.312,179.648,510.0,159.375
555,2,273,6,69,B4,55,-488.04,148.045,510.0,163.125
556,2,274,6,73,B4,56,-496.677,115.809,510.0,166.875
557,2,275,6,77,B4,57,-503.188,83.077,510.0,170.625
558,2,276,6,81,B4,58,-507.544,49.989,510.0,174.375
559,2,277,6,85,B4,59,-509.727,16.687,510.0,178.125
560,2,278,6,89,B4,60,-539.772,15.706,540.0,178.333
561,2,279,6,93,B4,61,-537.945,47.064,540.0,175.0
562,2,280,6,97,B4,62,-534.298,78.263,540.0,171.667
563,2,281,6,101,B4,63,-528.844,109.198,540.0,168.333
564,2,282,6,105,B4,64,-521.6,139.762,540.0,165.0
565,2,283,6,109,B4,65,-512.591,169.854,540.0,161.667
566,2,284,6,113,B4,66,-501.848,199.371,540.0,158.333
567,2,285,6,117,B4,67,-489.406,228.214,540.0,155.0
568,2,286,6,121,B4,68,-475.309,256.284,540.0,151.667
569,2,287,6,125,B4,69,-501.715,270.522,570.0,151.667
570,2,288,6,129,B4,70,-516.596,240.893,570.0,155.0
571,2,289,6,133,B4,71,-529.728,210.448,570.0,158.333
572,2,290,6,137,B4,72,-541.068,179.291,570.0,161.667
573,2,291,6,141,B4,73,-550.578,147.527,570.0,165.0
574,2,292,6,145,B4,74,-558.224,115.264,570.0,168.333
575,2,293,6,149,B4,75,-563.982,82.611,570.0,171.667
576,2,294,6,153,B4,76,-567.831,49.679,570.0,175.0
577,2,295,6,157,B4,77,-569.759,16.578,570.0,178.333
578,2,296,6,161,B4,78,-599.794,15.706,600.0,178.5
579,2,297,6,165,B4,79,-598.15,47.076,600.0,175.5
580,2,298,6,169,B4,80,-594.867,78.316,600.0,172.5
581,2,299,6,173,B4,81,-589.953,109.341,600.0,169.5
582,2,300,6,177,B4,82,-583.422,140.067,600.0,166.5
583,2,301,6,181,B4,83,-575.292,170.409,600.0,163.5
584,2,302,6,185,B4,84,-565.585,200.284,600.0,160.5
585,2,303,6,189,B4,85,-554.328,229.61,600.0,157.5
586,2,304,6,193,B4,86,-541.551,258.307,600.0,154.5
587,2,305,6,197,B4,87,-527.29,286.295,600.0,151.5
588,2,306,6,201,B4,88,-553.655,300.61,630.0,151.5
589,2,307,6,205,B4,89,-568.629,271.222,630.0,154.5
590,2,308,6,209,B4,90,-582.044,241.091,630.0,157.5
591,2,309,6,213,B4,91,-593.864,210.298,630.0,160.5
592,2,310,6,217,B4,92,-604.057,178.93,630.0,163.5
593,2,311,6,221,B4,93,-612.593,147.071,630.0,166.5
594,2,312,6,225,B4,94,-619.451,114.808,630.0,169.5
595,2,313,6,229,B4,95,-624.61,82.232,630.0,172.5
596,2,314,6,233,B4,96,-628.058,49.429,630.0,175.5
597,2,315,6,237,B4,97,-629.784,16.492,630.0,178.5
598,2,316,6,241,B4,98,-659.813,15.707,660.0,178.636
599,2,317,6,245,B4,99,-658.318,47.084,660.0,175.909
600,2,318,6,249,B4,100,-655.332,78.355,660.0,173.182
601,2,319,6,253,B4,101,-650.862,109.448,660.0,170.455
602,2,320,6,257,B4,102,-644.917,140.293,660.0,167.727
603,2,321,6,261,B4,103,-637.511,170.821,660.0,165.0
604,2,322,6,265,B4,104,-628.661,200.961,660.0,162.273
605,2,323,6,269,B4,105,-618.387,230.646,660.0,159.545
606,2,324,6,273,B4,106,-606.712,259.809,660.0,156.818
607,2,325,6,277,B4,107,-593.662,288.383,660.0,154.091
608,2,326,6,281,B4,108,-579.268,316.304,660.0,151.364
609,3,0,7,1,B5,0,-215.25,-106.149,240.0,206.25
610,3,1,7,5,B5,1,-227.263,-77.145,240.0,198.75
611,3,2,7,9,B5,2,-235.389,-46.822,240.0,191.25
612,3,3,7,13,B5,3,-239.486,-15.697,240.0,183.75
613,3,4,7,17,B5,4,-269.422,-17.659,270.0,183.75
614,3,5,7,21,B5,5,-264.812,-52.674,270.0,191.25
615,3,6,7,25,B5,6,-255.671,-86.789,270.0,198.75
616,3,7,7,29,B5,7,-242.156,-119.418,270.0,206.25
617,3,8,7,33,B5,8,-267.302,-136.197,300.0,207.0
618,3,9,7,37,B5,9,-280.074,-107.51,300.0,201.0
619,3,10,7,41,B5,10,-289.778,-77.646,300.0,195.0
620,3,11,7,45,B5,11,-296.307,-46.93,300.0,189.0
621,3,12,7,49,B5,12,-299.589,-15.701,300.0,183.0
622,3,13,7,53,B5,13,-329.548,-17.271,330.0,183.0
623,3,14,7,57,B5,14,-325.937,-51.623,330.0,189.0
624,3,15,7,61,B5,15,-318.756,-85.41,330.0,195.0
625,3,16,7,65,B5,16,-308.082,-118.261,330.0,201.0
626,3,17,7,69,B5,17,-294.032,-149.817,330.0,207.0
627,3,18,7,73,B5,18,-319.324,-166.23,360.0,207.5
628,3,19,7,77,B5,19,-332.597,-137.766,360.0,202.5
629,3,20,7,81,B5,20,-343.338,-108.254,360.0,197.5
630,3,21,7,85,B5,21,-351.467,-77.918,360.0,192.5
631,3,22,7,89,B5,22,-356.92,-46.989,360.0,187.5
632,3,23,7,93,B5,23,-359.657,-15.703,360.0,182.5
633,3,24,7,97,B5,24,-389.629,-17.012,390.0,182.5
634,3,25,7,101,B5,25,-386.664,-50.905,390.0,187.5
635,3,26,7,105,B5,26,-380.756,-84.411,390.0,192.5
636,3,27,7,109,B5,27,-371.95,-117.275,390.0,197.5
637,3,28,7,113,B5,28,-360.313,-149.246,390.0,202.5
638,3,29,7,117,B5,29,-345.934,-180.082,390.0,207.5
639,3,30,7,121,B5,30,-371.329,-196.253,420.0,207.857
640,3,31,7,125,B5,31,-384.956,-167.955,420.0,203.571
641,3,32,7,129,B5,32,-396.431,-138.717,420.0,199.286
642,3,33,7,133,B5,33,-405.689,-108.704,420.0,195.0
643,3,34,7,137,B5,34,-412.678,-78.083,420.0,190.714
644,3,35,7,141,B5,35,-417.359,-47.025,420.0,186.429
645,3,36,7,145,B5,36,-419.706,-15.704,420.0,182.143
646,3,37,7,149,B5,37,-449.685,-16.826,450.0,182.143
647,3,38,7,153,B5,38,-447.171,-50.384,450.0,186.429
648,3,39,7,157,B5,39,-442.155,-83.66,450.0,190.714
649,3,40,7,161,B5,40,-434.667,-116.469,450.0,195.0
650,3,41,7,165,B5,41,-424.748,-148.626,450.0,199.286
651,3,42,7,169,B5,42,-412.453,-179.951,450.0,203.571
652,3,43,7,173,B5,43,-397.852,-210.271,450.0,207.857
653,3,44,7,177,B5,44,-423.322,-226.27,480.0,208.125
654,3,45,7,181,B5,45,-437.215,-198.099,480.0,204.375
655,3,46,7,185,B5,46,-449.235,-169.08,480.0,200.625
656,3,47,7,189,B5,47,-459.331,-139.337,480.0,196.875
657,3,48,7,193,B5,48,-467.461,-108.997,480.0,193.125
658,3,49,7,197,B5,49,-473.589,-78.19,480.0,189.375
659,3,50,7,201,B5,50,-477.689,-47.048,480.0,185.625
660,3,51,7,205,B5,51,-479.743,-15.705,480.0,181.875
661,3,52,7,209,B5,52,-509.727,-16.687,510.0,181.875
662,3,53,7,213,B5,53,-507.544,-49.989,510.0,185.625
663,3,54,7,217,B5,54,-503.188,-83.077,510.0,189.375
664,3,55,7,221,B5,55,-496.677,-115.809,510.0,193.125
665,3,56,7,225,B5,56,-488.04,-148.045,510.0,196.875
666,3,57,7,229,B5,57,-477.312,-179.648,510.0,200.625
667,3,58,7,233,B5,58,-464.541,-210.481,510.0,204.375
668,3,59,7,237,B5,59,-449.78,-240.412,510.0,208.125
669,3,60,7,241,B5,60,-475.309,-256.284,540.0,208.333
670,3,61,7,245,B5,61,-489.406,-228.214,540.0,205.0
671,3,62,7,249,B5,62,-501.848,-199.371,540.0,201.667
672,3,63,7,253,B5,63,-512.591,-169.854,540.0,198.333
673,3,64,7,257,B5,64,-521.6,-139.762,540.0,195.0
674,3,65,7,261,B5,65,-528.844,-109.197,540.0,191.667
675,3,66,7,265,B5,66,-534.299,-78.263,540.0,188.333
676,3,67,7,269,B5,67,-537.945,-47.064,540.0,185.0
677,3,68,7,273,B5,68,-539.772,-15.706,540.0,181.667
678,3,69,7,277,B5,69,-569.759,-16.578,570.0,181.667
679,3,70,7,281,B5,70,-567.831,-49.679,570.0,185.0
680,3,71,7,285,B5,71,-563.982,-82.611,570.0,188.333
681,3,72,7,289,B5,72,-558.224,-115.264,570.0,191.667
682,3,73,7,293,B5,73,-550.578,-147.527,570.0,195.0
683,3,74,7,297,B5,74,-541.068,-179.29,570.0,198.333
684,3,75,7,301,B5,75,-529.728,-210.448,570.0,201.667
685,3,76,7,305,B5,76,-516.595,-240.892,570.0,205.0
686,3,77,7,309,B5,77,-501.715,-270.522,570.0,208.333
687,3,78,7,313,B5,78,-527.29,-286.295,600.0,208.5
688,3,79,7,317,B5,79,-541.551,-258.307,600.0,205.5
689,3,80,7,321,B5,80,-554.328,-229.61,600.0,202.5
690,3,81,7,325,B5,81,-565.585,-200.284,600.0,199.5
691,3,82,7,329,B5,82,-575.292,-170.409,600.0,196.5
692,3,83,7,333,B5,83,-583.422,-140.067,600.0,193.5
693,3,84,7,337,B5,84,-589.953,-109.341,600.0,190.5
694,3,85,7,341,B5,85,-594.867,-78.316,600.0,187.5
695,3,86,7,345,B5,86,-598.15,-47.075,600.0,184.5
696,3,87,7,349,B5,87,-599.794,-15.706,600.0,181.5
697,3,88,7,353,B5,88,-629.784,-16.491,630.0,181.5
698,3,89,7,357,B5,89,-628.058,-49.429,630.0,184.5
699,3,90,7,361,B5,90,-624.61,-82.231,630.0,187.5
700,3,91,7,365,B5,91,-619.451,-114.808,630.0,190.5
701,3,92,7,369,B5,92,-612.593,-147.071,630.0,193.5
702,3,93,7,373,B5,93,-604.056,-178.93,630.0,196.5
703,3,94,7,377,B5,94,-593.864,-210.298,630.0,199.5
704,3,95,7,381,B5,95,-582.044,-241.09,630.0,202.5
705,3,96,7,385,B5,96,-568.629,-271.222,630.0,205.5
706,3,97,7,389,B5,97,-553.655,-300.61,630.0,208.5
707,3,98,7,393,B5,98,-579.268,-316.304,660.0,208.636
708,3,99,7,397,B5,99,-593.662,-288.383,660.0,205.909
709,3,100,7,401,B5,100,-606.712,-259.809,660.0,203.182
710,3,101,7,405,B5,101,-618.387,-230.646,660.0,200.455
711,3,102,7,409,B5,102,-628.661,-200.961,660.0,197.727
712,3,103,7,413,B5,103,-637.511,-170.821,660.0,195.0
713,3,104,7,417,B5,104,-644.917,-140.293,660.0,192.273
714,3,105,7,421,B5,105,-650.862,-109.448,660.0,189.545
715,3,106,7,425,B5,106,-655.332,-78.355,660.0,186.818
716,3,107,7,429,B5,107,-658.318,-47.084,660.0,184.091
717,3,108,7,433,B5,108,-659.813,-15.706,660.0,181.364
718,3,109,7,437,B6,0,-133.337,-199.553,240.0,236.25
719,3,110,7,441,B6,1,-158.243,-180.442,240.0,228.75
720,3,111,7,445,B6,2,-180.442,-158.243,240.0,221.25
721,3,112,7,449,B6,3,-199.553,-133.337,240.0,213.75
722,3,113,7,453,B6,4,-224.497,-150.004,270.0,213.75
723,3,114,7,457,B6,5,-202.997,-178.023,270.0,221.25
724,3,115,7,461,B6,6,-178.023,-202.997,270.0,228.75
725,3,116,7,465,B6,7,-150.004,-224.497,270.0,236.25
726,3,117,7,469,B6,8,-163.392,-251.601,300.0,237.0
727,3,118,7,473,B6,9,-188.796,-233.144,300.0,231.0
728,3,119,7,477,B6,10,-212.132,-212.132,300.0,225.0
729,3,120,7,481,B6,11,-233.144,-188.796,300.0,219.0
730,3,121,7,485,B6,12,-251.601,-163.392,300.0,213.0
731,3,122,7,489,B6,13,-276.761,-179.731,330.0,213.0
732,3,123,7,493,B6,14,-256.458,-207.676,330.0,219.0
733,3,124,7,497,B6,15,-233.345,-233.345,330.0,225.0
734,3,125,7,501,B6,16,-207.676,-256.458,330.0,231.0
735,3,126,7,505,B6,17,-179.731,-276.761,330.0,237.0
736,3,127,7,509,B6,18,-193.428,-303.621,360.0,237.5
737,3,128,8,1,B6,19,-219.154,-285.607,360.0,232.5
738,3,129,8,5,B6,20,-243.213,-265.42,360.0,227.5
739,3,130,8,9,B6,21,-265.42,-243.212,360.0,222.5
740,3,131,8,13,B6,22,-285.607,-219.154,360.0,217.5
741,3,132,8,17,B6,23,-303.621,-193.428,360.0,212.5
742,3,133,8,21,B6,24,-328.923,-209.547,390.0,212.5
743,3,134,8,25,B6,25,-309.408,-237.417,390.0,217.5
744,3,135,8,29,B6,26,-287.538,-263.48,390.0,222.5
745,3,136,8,33,B6,27,-263.48,-287.538,390.0,227.5
746,3,137,8,37,B6,28,-237.417,-309.408,390.0,232.5
747,3,138,8,41,B6,29,-209.547,-328.923,390.0,237.5
748,3,139,8,45,B6,30,-223.454,-355.624,420.0,237.857
749,3,140,8,49,B6,31,-249.405,-337.931,420.0,233.571
750,3,141,8,53,B6,32,-273.961,-318.348,420.0,229.286
751,3,142,8,57,B6,33,-296.985,-296.985,420.0,225.0
752,3,143,8,61,B6,34,-318.348,-273.961,420.0,220.714
753,3,144,8,65,B6,35,-337.931,-249.404,420.0,216.429
754,3,145,8,69,B6,36,-355.624,-223.453,420.0,212.143
755,3,146,8,73,B6,37,-381.026,-239.414,450.0,212.143
756,3,147,8,77,B6,38,-362.069,-267.219,450.0,216.429
757,3,148,8,81,B6,39,-341.087,-293.529,450.0,220.714
758,3,149,8,85,B6,40,-318.198,-318.198,450.0,225.0
759,3,150,8,89,B6,41,-293.529,-341.087,450.0,229.286
760,3,151,8,93,B6,42,-267.219,-362.069,450.0,233.571
761,3,152,8,97,B6,43,-239.415,-381.026,450.0,237.857
762,3,153,8,101,B6,44,-253.473,-407.617,480.0,238.125
763,3,154,8,105,B6,45,-279.589,-390.166,480.0,234.375
764,3,155,8,109,B6,46,-304.509,-371.045,480.0,230.625
765,3,156,8,113,B6,47,-328.124,-350.335,480.0,226.875
766,3,157,8,117,B6,48,-350.335,-328.124,480.0,223.125
767,3,158,8,121,B6,49,-371.045,-304.509,480.0,219.375
768,3,159,8,125,B6,50,-390.166,-279.589,480.0,215.625
769,3,160,8,129,B6,51,-407.617,-253.473,480.0,211.875
770,3,161,8,133,B6,52,-433.093,-269.315,510.0,211.875
771,3,162,8,137,B6,53,-414.552,-297.064,510.0,215.625
772,3,163,8,141,B6,54,-394.235,-323.541,510.0,219.375
773,3,164,8,145,B6,55,-372.231,-348.632,510.0,223.125
774,3,165,8,149,B6,56,-348.632,-372.231,510.0,226.875
775,3,166,8,153,B6,57,-323.541,-394.235,510.0,230.625
776,3,167,8,157,B6,58,-297.064,-414.552,510.0,234.375
777,3,168,8,161,B6,59,-269.315,-433.093,510.0,238.125
778,3,169,8,165,B6,60,-283.487,-459.603,540.0,238.333
779,3,170,8,169,B6,61,-309.731,-442.342,540.0,235.0
780,3,171,8,173,B6,62,-334.927,-423.584,540.0,231.667
781,3,172,8,177,B6,63,-358.99,-403.394,540.0,228.333
782,3,173,8,181,B6,64,-381.838,-381.838,540.0,225.0
783,3,174,8,185,B6,65,-403.394,-358.99,540.0,221.667
784,3,175,8,189,B6,66,-423.585,-334.927,540.0,218.333
785,3,176,8,193,B6,67,-442.342,-309.731,540.0,215.0
786,3,177,8,197,B6,68,-459.603,-283.487,540.0,211.667
787,3,178,8,201,B6,69,-485.137,-299.237,570.0,211.667
788,3,179,8,205,B6,70,-466.917,-326.939,570.0,215.0
789,3,180,8,209,B6,71,-447.117,-353.534,570.0,218.333
790,3,181,8,213,B6,72,-425.804,-378.934,570.0,221.667
791,3,182,8,217,B6,73,-403.051,-403.051,570.0,225.0
792,3,183,8,221,B6,74,-378.934,-425.804,570.0,228.333
793,3,184,8,225,B6,75,-353.534,-447.117,570.0,231.667
794,3,185,8,229,B6,76,-326.939,-466.917,570.0,235.0
795,3,186,8,233,B6,77,-299.237,-485.137,570.0,238.333
796,3,187,8,237,B6,78,-313.499,-511.584,600.0,238.5
797,3,188,8,241,B6,79,-339.844,-494.476,600.0,235.5
798,3,189,8,245,B6,80,-365.257,-476.012,600.0,232.5
799,3,190,8,249,B6,81,-389.669,-456.244,600.0,229.5
800,3,191,8,253,B6,82,-413.013,-435.225,600.0,226.5
801,3,192,8,257,B6,83,-435.225,-413.013,600.0,223.5
802,3,193,8,261,B6,84,-456.244,-389.669,600.0,220.5
803,3,194,8,265,B6,85,-476.012,-365.257,600.0,217.5
804,3,195,8,269,B6,86,-494.476,-339.844,600.0,214.5
805,3,196,8,273,B6,87,-511.584,-313.499,600.0,211.5
806,3,197,8,277,B6,88,-537.163,-329.174,630.0,211.5
807,3,198,8,281,B6,89,-519.2,-356.836,630.0,214.5
808,3,199,8,285,B6,90,-499.813,-383.52,630.0,217.5
809,3,200,8,289,B6,91,-479.056,-409.152,630.0,220.5
810,3,201,8,293,B6,92,-456.986,-433.663,630.0,223.5
811,3,202,8,297,B6,93,-433.663,-456.986,630.0,226.5
812,3,203,8,301,B6,94,-409.152,-479.056,630.0,229.5
813,3,204,8,305,B6,95,-383.52,-499.813,630.0,232.5
814,3,205,8,309,B6,96,-356.836,-519.2,630.0,235.5
815,3,206,8,313,B6,97,-329.174,-537.163,630.0,238.5
816,3,207,8,317,B6,98,-343.509,-563.562,660.0,238.636
817,3,208,8,321,B6,99,-369.935,-546.579,660.0,235.909
818,3,209,8,325,B6,100,-395.523,-528.357,660.0,233.182
819,3,210,8,329,B6,101,-420.216,-508.939,660.0,230.455
820,3,211,8,333,B6,102,-443.956,-488.368,660.0,227.727
821,3,212,8,337,B6,103,-466.691,-466.691,660.0,225.0
822,3,213,8,341,B6,104,-488.368,-443.956,660.0,222.273
823,3,214,8,345,B6,105,-508.939,-420.216,660.0,219.545
824,3,215,8,349,B6,106,-528.357,-395.523,660.0,216.818
825,3,216,8,353,B6,107,-546.579,-369.935,660.0,214.091
826,3,217,8,357,B6,108,-563.562,-343.509,660.0,211.364
827,3,218,8,361,B7,0,-15.697,-239.486,240.0,266.25
828,3,219,8,365,B7,1,-46.822,-235.389,240.0,258.75
829,3,220,8,369,B7,2,-77.146,-227.263,240.0,251.25
830,3,221,8,373,B7,3,-106.149,-215.25,240.0,243.75
831,3,222,8,377,B7,4,-119.418,-242.156,270.0,243.75
832,3,223,8,381,B7,5,-86.789,-255.671,270.0,251.25
833,3,224,8,385,B7,6,-52.674,-264.812,270.0,258.75
834,3,225,8,389,B7,7,-17.659,-269.422,270.0,266.25
835,3,226,8,393,B7,8,-15.701,-299.589,300.0,267.0
836,3,227,8,397,B7,9,-46.93,-296.307,300.0,261.0
837,3,228,8,401,B7,10,-77.646,-289.778,300.0,255.0
838,3,229,8,405,B7,11,-107.51,-280.074,300.0,249.0
839,3,230,8,409,B7,12,-136.197,-267.302,300.0,243.0
840,3,231,8,413,B7,13,-149.817,-294.032,330.0,243.0
841,3,232,8,417,B7,14,-118.262,-308.082,330.0,249.0
842,3,233,8,421,B7,15,-85.41,-318.756,330.0,255.0
843,3,234,8,425,B7,16,-51.623,-325.937,330.0,261.0
844,3,235,8,429,B7,17,-17.271,-329.548,330.0,267.0
845,3,236,8,433,B7,18,-15.703,-359.657,360.0,267.5
846,3,237,8,437,B7,19,-46.99,-356.92,360.0,262.5
847,3,238,8,441,B7,20,-77.918,-351.467,360.0,257.5
848,3,239,8,445,B7,21,-108.254,-343.338,360.0,252.5
849,3,240,8,449,B7,22,-137.766,-332.597,360.0,247.5
850,3,241,8,453,B7,23,-166.23,-319.324,360.0,242.5
851,3,242,8,457,B7,24,-180.082,-345.934,390.0,242.5
852,3,243,8,461,B7,25,-149.247,-360.313,390.0,247.5
853,3,244,8,465,B7,26,-117.275,-371.95,390.0,252.5
854,3,245,8,469,B7,27,-84.412,-380.755,390.0,257.5
855,3,246,8,473,B7,28,-50.905,-386.663,390.0,262.5
856,3,247,8,477,B7,29,-17.012,-389.629,390.0,267.5
857,3,248,8,481,B7,30,-15.704,-419.706,420.0,267.857
858,3,249,8,485,B7,31,-47.025,-417.359,420.0,263.571
859,3,250,8,489,B7,32,-78.083,-412.678,420.0,259.286
860,3,251,8,493,B7,33,-108.704,-405.689,420.0,255.0
861,3,252,8,497,B7,34,-138.717,-396.431,420.0,250.714
862,3,253,8,501,B7,35,-167.955,-384.956,420.0,246.429
863,3,254,8,505,B7,36,-196.253,-371.329,420.0,242.143
864,3,255,8,509,B7,37,-210.271,-397.852,450.0,242.143
865,3,256,9,1,B7,38,-179.952,-412.453,450.0,246.429
866,3,257,9,5,B7,39,-148.626,-424.748,450.0,250.714
867,3,258,9,9,B7,40,-116.469,-434.667,450.0,255.0
868,3,259,9,13,B7,41,-83.66,-442.155,450.0,259.286
869,3,260,9,17,B7,42,-50.384,-447.171,450.0,263.571
870,3,261,9,21,B7,43,-16.826,-449.685,450.0,267.857
871,3,262,9,25,B7,44,-15.705,-479.743,480.0,268.125
872,3,263,9,29,B7,45,-47.048,-477.689,480.0,264.375
873,3,264,9,33,B7,46,-78.19,-473.589,480.0,260.625
874,3,265,9,37,B7,47,-108.997,-467.461,480.0,256.875
875,3,266,9,41,B7,48,-139.337,-459.331,480.0,253.125
876,3,267,9,45,B7,49,-169.08,-449.235,480.0,249.375
877,3,268,9,49,B7,50,-198.099,-437.215,480.0,245.625
878,3,269,9,53,B7,51,-226.271,-423.322,480.0,241.875
879,3,270,9,57,B7,52,-240.412,-449.78,510.0,241.875
880,3,271,9,61,B7,53,-210.481,-464.541,510.0,245.625
881,3,272,9,65,B7,54,-179.648,-477.312,510.0,249.375
882,3,273,9,69,B7,55,-148.045,-488.04,510.0,253.125
883,3,274,9,73,B7,56,-115.809,-496.677,510.0,256.875
884,3,275,9,77,B7,57,-83.077,-503.188,510.0,260.625
885,3,276,9,81,B7,58,-49.989,-507.544,510.0,264.375
886,3,277,9,85,B7,59,-16.687,-509.727,510.0,268.125
887,3,278,9,89,B7,60,-15.706,-539.772,540.0,268.333
888,3,279,9,93,B7,61,-47.064,-537.945,540.0,265.0
889,3,280,9,97,B7,62,-78.263,-534.298,540.0,261.667
890,3,281,9,101,B7,63,-109.198,-528.844,540.0,258.333
891,3,282,9,105,B7,64,-139.762,-521.6,540.0,255.0
892,3,283,9,109,B7,65,-169.854,-512.591,540.0,251.667
893,3,284,9,113,B7,66,-199.371,-501.848,540.0,248.333
894,3,285,9,117,B7,67,-228.214,-489.406,540.0,245.0
895,3,286,9,121,B7,68,-256.284,-475.309,540.0,241.667
896,3,287,9,125,B7,69,-270.522,-501.715,570.0,241.667
897,3,288,9,129,B7,70,-240.893,-516.596,570.0,245.0
898,3,289,9,133,B7,71,-210.448,-529.728,570.0,248.333
899,3,290,9,137,B7,72,-179.291,-541.068,570.0,251.667
900,3,291,9,141,B7,73,-147.527,-550.578,570.0,255.0
901,3,292,9,145,B7,74,-115.264,-558.224,570.0,258.333
902,3,293,9,149,B7,75,-82.611,-563.982,570.0,261.667
903,3,294,9,153,B7,76,-49.679,-567.831,570.0,265.0
904,3,295,9,157,B7,77,-16.578,-569.759,570.0,268.333
905,3,296,9,161,B7,78,-15.706,-599.794,600.0,268.5
906,3,297,9,165,B7,79,-47.076,-598.15,600.0,265.5
907,3,298,9,169,B7,80,-78.316,-594.867,600.0,262.5
908,3,299,9,173,B7,81,-109.341,-589.953,600.0,259.5
909,3,300,9,177,B7,82,-140.067,-583.422,600.0,256.5
910,3,301,9,181,B7,83,-170.409,-575.292,600.0,253.5
911,3,302,9,185,B7,84,-200.284,-565.585,600.0,250.5
912,3,303,9,189,B7,85,-229.61,-554.328,600.0,247.5
913,3,304,9,193,B7,86,-258.307,-541.551,600.0,244.5
914,3,305,9,197,B7,87,-286.295,-527.29,600.0,241.5
915,3,306,9,201,B7,88,-300.61,-553.655,630.0,241.5
916,3,307,9,205,B7,89,-271.222,-568.629,630.0,244.5
917,3,308,9,209,B7,90,-241.091,-582.044,630.0,247.5
918,3,309,9,213,B7,91,-210.298,-593.864,630.0,250.5
919,3,310,9,217,B7,92,-178.93,-604.057,630.0,253.5
920,3,311,9,221,B7,93,-147.071,-612.593,630.0,256.5
921,3,312,9,225,B7,94,-114.808,-619.451,630.0,259.5
922,3,313,9,229,B7,95,-82.232,-624.61,630.0,262.5
923,3,314,9,233,B7,96,-49.429,-628.058,630.0,265.5
924,3,315,9,237,B7,97,-16.492,-629.784,630.0,268.5
925,3,316,9,241,B7,98,-15.707,-659.813,660.0,268.636
926,3,317,9,245,B7,99,-47.084,-658.318,660.0,265.909
927,3,318,9,249,B7,100,-78.355,-655.332,660.0,263.182
928,3,319,9,253,B7,101,-109.448,-650.862,660.0,260.455
929,3,320,9,257,B7,102,-140.293,-644.917,660.0,257.727
930,3,321,9,261,B7,103,-170.821,-637.511,660.0,255.0
931,3,322,9,265,B7,104,-200.961,-628.661,660.0,252.273
932,3,323,9,269,B7,105,-230.646,-618.387,660.0,249.545
933,3,324,9,273,B7,106,-259.809,-606.712,660.0,246.818
934,3,325,9,277,B7,107,-288.383,-593.662,660.0,244.091
935,3,326,9,281,B7,108,-316.304,-579.268,660.0,241.364
936,4,0,10,1,B8,0,106.149,-215.25,240.0,296.25
937,4,1,10,5,B8,1,77.145,-227.263,240.0,288.75
938,4,2,10,9,B8,2,46.822,-235.389,240.0,281.25
939,4,3,10,13,B8,3,15.697,-239.486,240.0,273.75
940,4,4,10,17,B8,4,17.659,-269.422,270.0,273.75
941,4,5,10,21,B8,5,52.674,-264.812,270.0,281.25
942,4,6,10,25,B8,6,86.789,-255.671,270.0,288.75
943,4,7,10,29,B8,7,119.418,-242.156,270.0,296.25
944,4,8,10,33,B8,8,136.197,-267.302,300.0,297.0
945,4,9,10,37,B8,9,107.51,-280.074,300.0,291.0
946,4,10,10,41,B8,10,77.646,-289.778,300.0,285.0
947,4,11,10,45,B8,11,46.93,-296.307,300.0,279.0
948,4,12,10,49,B8,12,15.701,-299.589,300.0,273.0
949,4,13,10,53,B8,13,17.271,-329.548,330.0,273.0
950,4,14,10,57,B8,14,51.623,-325.937,330.0,279.0
951,4,15,10,61,B8,15,85.41,-318.756,330.0,285.0
952,4,16,10,65,B8,16,118.261,-308.082,330.0,291.0
953,4,17,10,69,B8,17,149.817,-294.032,330.0,297.0
954,4,18,10,73,B8,18,166.23,-319.324,360.0,297.5
955,4,19,10,77,B8,19,137.766,-332.597,360.0,292.5
956,4,20,10,81,B8,20,108.254,-343.338,360.0,287.5
957,4,21,10,85,B8,21,77.918,-351.467,360.0,282.5
958,4,22,10,89,B8,22,46.989,-356.92,360.0,277.5
959,4,23,10,93,B8,23,15.703,-359.657,360.0,272.5
960,4,24,10,97,B8,24,17.012,-389.629,390.0,272.5
961,4,25,10,101,B8,25,50.905,-386.664,390.0,277.5
962,4,26,10,105,B8,26,84.411,-380.756,390.0,282.5
963,4,27,10,109,B8,27,117.275,-371.95,390.0,287.5
964,4,28,10,113,B8,28,149.246,-360.313,390.0,292.5
965,4,29,10,117,B8,29,180.082,-345.934,390.0,297.5
966,4,30,10,121,B8,30,196.253,-371.329,420.0,297.857
967,4,31,10,125,B8,31,167.955,-384.956,420.0,293.571
968,4,32,10,129,B8,32,138.717,-396.431,420.0,289.286
969,4,33,10,133,B8,33,108.704,-405.689,420.0,285.0
970,4,34,10,137,B8,34,78.083,-412.678,420.0,280.714
971,4,35,10,141,B8,35,47.025,-417.359,420.0,276.429
972,4,36,10,145,B8,36,15.704,-419.706,420.0,272.143
973,4,37,10,149,B8,37,16.826,-449.685,450.0,272.143
974,4,38,10,153,B8,38,50.384,-447.171,450.0,276.429
975,4,39,10,157,B8,39,83.66,-442.155,450.0,280.714
976,4,40,10,161,B8,40,116.469,-434.667,450.0,285.0
977,4,41,10,165,B8,41,148.626,-424.748,450.0,289.286
978,4,42,10,169,B8,42,179.951,-412.453,450.0,293.571
979,4,43,10,173,B8,43,210.271,-397.852,450.0,297.857
980,4,44,10,177,B8,44,226.27,-423.322,480.0,298.125
981,4,45,10,181,B8,45,198.099,-437.215,480.0,294.375
982,4,46,10,185,B8,46,169.08,-449.235,480.0,290.625
983,4,47,10,189,B8,47,139.337,-459.331,480.0,286.875
984,4,48,10,193,B8,48,108.997,-467.461,480.0,283.125
985,4,49,10,197,B8,49,78.19,-473.589,480.0,279.375
986,4,50,10,201,B8,50,47.048,-477.689,480.0,275.625
987,4,51,10,205,B8,51,15.705,-479.743,480.0,271.875
988,4,52,10,209,B8,52,16.687,-509.727,510.0,271.875
989,4,53,10,213,B8,53,49.989,-507.544,510.0,275.625
990,4,54,10,217,B8,54,83.077,-503.188,510.0,279.375
991,4,55,10,221,B8,55,115.809,-496.677,510.0,283.125
992,4,56,10,225,B8,56,148.045,-488.04,510.0,286.875
993,4,57,10,229,B8,57,179.648,-477.312,510.0,290.625
994,4,58,10,233,B8,58,210.481,-464.541,510.0,294.375
995,4,59,10,237,B8,59,240.412,-449.78,510.0,298.125
996,4,60,10,241,B8,60,256.284,-475.309,540.0,298.333
997,4,61,10,245,B8,61,228.214,-489.406,540.0,295.0
998,4,62,10,249,B8,62,199.371,-501.848,540.0,291.667
999,4,63,10,253,B8,63,169.854,-512.591,540.0,288.333
1000,4,64,10,257,B8,64,139.762,-521.6,540.0,285.0
1001,4,65,10,261,B8,65,109.197,-528.844,540.0,281.667
1002,4,66,10,265,B8,66,78.263,-534.299,540.0,278.333
1003,4,67,10,269,B8,67,47.064,-537.945,540.0,275.0
1004,4,68,10,273,B8,68,15.706,-539.772,540.0,271.667
1005,4,69,10,277,B8,69,16.578,-569.759,570.0,271.667
1006,4,70,10,281,B8,70,49.679,-567.831,570.0,275.0
1007,4,71,10,285,B8,71,82.611,-563.982,570.0,278.333
1008,4,72,10,289,B8,72,115.264,-558.224,570.0,281.667
1009,4,73,10,293,B8,73,147.527,-550.578,570.0,285.0
1010,4,74,10,297,B8,74,179.29,-541.068,570.0,288.333
1011,4,75,10,301,B8,75,210.448,-529.728,570.0,291.667
1012,4,76,10,305,B8,76,240.892,-516.595,570.0,295.0
1013,4,77,10,309,B8,77,270.522,-501.715,570.0,298.333
1014,4,78,10,313,B8,78,286.295,-527.29,600.0,298.5
1015,4,79,10,317,B8,79,258.307,-541.551,600.0,295.5
1016,4,80,10,321,B8,80,229.61,-554.328,600.0,292.5
1017,4,81,10,325,B8,81,200.284,-565.585,600.0,289.5
1018,4,82,10,329,B8,82,170.409,-575.292,600.0,286.5
1019,4,83,10,333,B8,83,140.067,-583.422,600.0,283.5
1020,4,84,10,337,B8,84,109.341,-589.953,600.0,280.5
1021,4,85,10,341,B8,85,78.316,-594.867,600.0,277.5
1022,4,86,10,345,B8,86,47.075,-598.15,600.0,274.5
1023,4,87,10,349,B8,87,15.706,-599.794,600.0,271.5
1024,4,88,10,353,B8,88,16.491,-629.784,630.0,271.5
1025,4,89,10,357,B8,89,49.429,-628.058,630.0,274.5
1026,4,90,10,361,B8,90,82.231,-624.61,630.0,277.5
1027,4,91,10,365,B8,91,114.808,-619.451,630.0,280.5
1028,4,92,10,369,B8,92,147.071,-612.593,630.0,283.5
1029,4,93,10,373,B8,93,178.93,-604.056,630.0,286.5
1030,4,94,10,377,B8,94,210.298,-593.864,630.0,289.5
1031,4,95,10,381,B8,95,241.09,-582.044,630.0,292.5
1032,4,96,10,385,B8,96,271.222,-568.629,630.0,295.5
1033,4,97,10,389,B8,97,300.61,-553.655,630.0,298.5
1034,4,98,10,393,B8,98,316.304,-579.268,660.0,298.636
1035,4,99,10,397,B8,99,288.383,-593.662,660.0,295.909
1036,4,100,10,401,B8,100,259.809,-606.712,660.0,293.182
1037,4,101,10,405,B8,101,230.646,-618.387,660.0,290.455
1038,4,102,10,409,B8,102,200.961,-628.661,660.0,287.727
1039,4,103,10,413,B8,103,170.821,-637.511,660.0,285.0
1040,4,104,10,417,B8,104,140.293,-644.917,660.0,282.273
1041,4,105,10,421,B8,105,109.448,-650.862,660.0,279.545
1042,4,106,10,425,B8,106,78.355,-655.332,660.0,276.818
1043,4,107,10,429,B8,107,47.084,-658.318,660.0,274.091
1044,4,108,10,433,B8,108,15.706,-659.813,660.0,271.364
1045,4,109,10,437,B9,0,199.553,-133.337,240.0,326.25
1046,4,110,10,441,B9,1,180.442,-158.243,240.0,318.75
1047,4,111,10,445,B9,2,158.243,-180.442,240.0,311.25
1048,4,112,10,449,B9,3,133.337,-199.553,240.0,303.75
1049,4,113,10,453,B9,4,150.004,-224.497,270.0,303.75
1050,4,114,10,457,B9,5,178.023,-202.997,270.0,311.25
1051,4,115,10,461,B9,6,202.997,-178.023,270.0,318.75
1052,4,116,10,465,B9,7,224.497,-150.004,270.0,326.25
1053,4,117,10,469,B9,8,251.601,-163.392,300.0,327.0
1054,4,118,10,473,B9,9,233.144,-188.796,300.0,321.0
1055,4,119,10,477,B9,10,212.132,-212.132,300.0,315.0
1056,4,120,10,481,B9,11,188.796,-233.144,300.0,309.0
1057,4,121,10,485,B9,12,163.392,-251.601,300.0,303.0
1058,4,122,10,489,B9,13,179.731,-276.761,330.0,303.0
1059,4,123,10,493,B9,14,207.676,-256.458,330.0,309.0
1060,4,124,10,497,B9,15,233.345,-233.345,330.0,315.0
1061,4,125,10,501,B9,16,256.458,-207.676,330.0,321.0
1062,4,126,10,505,B9,17,276.761,-179.731,330.0,327.0
1063,4,127,10,509,B9,18,303.621,-193.428,360.0,327.5
1064,4,128,11,1,B9,19,285.607,-219.154,360.0,322.5
1065,4,129,11,5,B9,20,265.42,-243.213,360.0,317.5
1066,4,130,11,9,B9,21,243.212,-265.42,360.0,312.5
1067,4,131,11,13,B9,22,219.154,-285.607,360.0,307.5
1068,4,132,11,17,B9,23,193.428,-303.621,360.0,302.5
1069,4,133,11,21,B9,24,209.547,-328.923,390.0,302.5
1070,4,134,11,25,B9,25,237.417,-309.408,390.0,307.5
1071,4,135,11,29,B9,26,263.48,-287.538,390.0,312.5
1072,4,136,11,33,B9,27,287.538,-263.48,390.0,317.5
1073,4,137,11,37,B9,28,309.408,-237.417,390.0,322.5
1074,4,138,11,41,B9,29,328.923,-209.547,390.0,327.5
1075,4,139,11,45,B9,30,355.624,-223.454,420.0,327.857
1076,4,140,11,49,B9,31,337.931,-249.405,420.0,323.571
1077,4,141,11,53,B9,32,318.348,-273.961,420.0,319.286
1078,4,142,11,57,B9,33,296.985,-296.985,420.0,315.0
1079,4,143,11,61,B9,34,273.961,-318.348,420.0,310.714
1080,4,144,11,65,B9,35,249.404,-337.931,420.0,306.429
1081,4,145,11,69,B9,36,223.453,-355.624,420.0,302.143
1082,4,146,11,73,B9,37,239.414,-381.026,450.0,302.143
1083,4,147,11,77,B9,38,267.219,-362.069,450.0,306.429
1084,4,148,11,81,B9,39,293.529,-341.087,450.0,310.714
1085,4,149,11,85,B9,40,318.198,-318.198,450.0,315.0
1086,4,150,11,89,B9,41,341.087,-293.529,450.0,319.286
1087,4,151,11,93,B9,42,362.069,-267.219,450.0,323.571
1088,4,152,11,97,B9,43,381.026,-239.415,450.0,327.857
1089,4,153,11,101,B9,44,407.617,-253.473,480.0,328.125
1090,4,154,11,105,B9,45,390.166,-279.589,480.0,324.375
1091,4,155,11,109,B9,46,371.045,-304.509,480.0,320.625
1092,4,156,11,113,B9,47,350.335,-328.124,480.0,316.875
1093,4,157,11,117,B9,48,328.124,-350.335,480.0,313.125
1094,4,158,11,121,B9,49,304.509,-371.045,480.0,309.375
1095,4,159,11,125,B9,50,279.589,-390.166,480.0,305.625
1096,4,160,11,129,B9,51,253.473,-407.617,480.0,301.875
1097,4,161,11,133,B9,52,269.315,-433.093,510.0,301.875
1098,4,162,11,137,B9,53,297.064,-414.552,510.0,305.625
1099,4,163,11,141,B9,54,323.541,-394.235,510.0,309.375
1100,4,164,11,145,B9,55,348.632,-372.231,510.0,313.125
1101,4,165,11,149,B9,56,372.231,-348.632,510.0,316.875
1102,4,166,11,153,B9,57,394.235,-323.541,510.0,320.625
1103,4,167,11,157,B9,58,414.552,-297.064,510.0,324.375
1104,4,168,11,161,B9,59,433.093,-269.315,510.0,328.125
1105,4,169,11,165,B9,60,459.603,-283.487,540.0,328.333
1106,4,170,11,169,B9,61,442.342,-309.731,540.0,325.0
1107,4,171,11,173,B9,62,423.584,-334.927,540.0,321.667
1108,4,172,11,177,B9,63,403.394,-358.99,540.0,318.333
1109,4,173,11,181,B9,64,381.838,-381.838,540.0,315.0
1110,4,174,11,185,B9,65,358.99,-403.394,540.0,311.667
1111,4,175,11,189,B9,66,334.927,-423.585,540.0,308.333
1112,4,176,11,193,B9,67,309.731,-442.342,540.0,305.0
1113,4,177,11,197,B9,68,283.487,-459.603,540.0,301.667
1114,4,178,11,201,B9,69,299.237,-485.137,570.0,301.667
1115,4,179,11,205,B9,70,326.939,-466.917,570.0,305.0
1116,4,180,11,209,B9,71,353.534,-447.117,570.0,308.333
1117,4,181,11,213,B9,72,378.934,-425.804,570.0,311.667
1118,4,182,11,217,B9,73,403.051,-403.051,570.0,315.0
1119,4,183,11,221,B9,74,425.804,-378.934,570.0,318.333
1120,4,184,11,225,B9,75,447.117,-353.534,570.0,321.667
1121,4,185,11,229,B9,76,466.917,-326.939,570.0,325.0
1122,4,186,11,233,B9,77,485.137,-299.237,570.0,328.333
1123,4,187,11,237,B9,78,511.584,-313.499,600.0,328.5
1124,4,188,11,241,B9,79,494.476,-339.844,600.0,325.5
1125,4,189,11,245,B9,80,476.012,-365.257,600.0,322.5
1126,4,190,11,249,B9,81,456.244,-389.669,600.0,319.5
1127,4,191,11,253,B9,82,435.225,-413.013,600.0,316.5
1128,4,192,11,257,B9,83,413.013,-435.225,600.0,313.5
1129,4,193,11,261,B9,84,389.669,-456.244,600.0,310.5
1130,4,194,11,265,B9,85,365.257,-476.012,600.0,307.5
1131,4,195,11,269,B9,86,339.844,-494.476,600.0,304.5
1132,4,196,11,273,B9,87,313.499,-511.584,600.0,301.5
1133,4,197,11,277,B9,88,329.174,-537.163,630.0,301.5
1134,4,198,11,281,B9,89,356.836,-519.2,630.0,304.5
1135,4,199,11,285,B9,90,383.52,-499.813,630.0,307.5
1136,4,200,11,289,B9,91,409.152,-479.056,630.0,310.5
1137,4,201,11,293,B9,92,433.663,-456.986,630.0,313.5
1138,4,202,11,297,B9,93,456.986,-433.663,630.0,316.5
1139,4,203,11,301,B9,94,479.056,-409.152,630.0,319.5
1140,4,204,11,305,B9,95,499.813,-383.52,630.0,322.5
1141,4,205,11,309,B9,96,519.2,-356.836,630.0,325.5
1142,4,206,11,313,B9,97,537.163,-329.174,630.0,328.5
1143,4,207,11,317,B9,98,563.562,-343.509,660.0,328.636
1144,4,208,11,321,B9,99,546.579,-369.935,660.0,325.909
1145,4,209,11,325,B9,100,528.357,-395.523,660.0,323.182
1146,4,210,11,329,B9,101,508.939,-420.216,660.0,320.455
1147,4,211,11,333,B9,102,488.368,-443.956,660.0,317.727
1148,4,212,11,337,B9,103,466.691,-466.691,660.0,315.0
1149,4,213,11,341,B9,104,443.956,-488.368,660.0,312.273
1150,4,214,11,345,B9,105,420.216,-508.939,660.0,309.545
1151,4,215,11,349,B9,106,395.523,-528.357,660.0,306.818
1152,4,216,11,353,B9,107,369.935,-546.579,660.0,304.091
1153,4,217,11,357,B9,108,343.509,-563.562,660.0,301.364
1154,4,218,11,361,B10,0,239.486,-15.697,240.0,356.25
1155,4,219,11,365,B10,1,235.389,-46.822,240.0,348.75
1156,4,220,11,369,B10,2,227.263,-77.146,240.0,341.25
1157,4,221,11,373,B10,3,215.249,-106.149,240.0,333.75
1158,4,222,11,377,B10,4,242.156,-119.418,270.0,333.75
1159,4,223,11,381,B10,5,255.671,-86.789,270.0,341.25
1160,4,224,11,385,B10,6,264.812,-52.674,270.0,348.75
1161,4,225,11,389,B10,7,269.422,-17.659,270.0,356.25
1162,4,226,11,393,B10,8,299.589,-15.701,300.0,357.0
1163,4,227,11,397,B10,9,296.307,-46.93,300.0,351.0
1164,4,228,11,401,B10,10,289.778,-77.646,300.0,345.0
1165,4,229,11,405,B10,11,280.074,-107.51,300.0,339.0
1166,4,230,11,409,B10,12,267.302,-136.197,300.0,333.0
1167,4,231,11,413,B10,13,294.032,-149.817,330.0,333.0
1168,4,232,11,417,B10,14,308.082,-118.262,330.0,339.0
1169,4,233,11,421,B10,15,318.756,-85.41,330.0,345.0
1170,4,234,11,425,B10,16,325.937,-51.623,330.0,351.0
1171,4,235,11,429,B10,17,329.548,-17.271,330.0,357.0
1172,4,236,11,433,B10,18,359.657,-15.703,360.0,357.5
1173,4,237,11,437,B10,19,356.92,-46.99,360.0,352.5
1174,4,238,11,441,B10,20,351.467,-77.918,360.0,347.5
1175,4,239,11,445,B10,21,343.338,-108.254,360.0,342.5
1176,4,240,11,449,B10,22,332.597,-137.766,360.0,337.5
1177,4,241,11,453,B10,23,319.324,-166.23,360.0,332.5
1178,4,242,11,457,B10,24,345.934,-180.082,390.0,332.5
1179,4,243,11,461,B10,25,360.313,-149.247,390.0,337.5
1180,4,244,11,465,B10,26,371.95,-117.275,390.0,342.5
1181,4,245,11,469,B10,27,380.755,-84.412,390.0,347.5
1182,4,246,11,473,B10,28,386.663,-50.905,390.0,352.5
1183,4,247,11,477,B10,29,389.629,-17.012,390.0,357.5
1184,4,248,11,481,B10,30,419.706,-15.704,420.0,357.857
1185,4,249,11,485,B10,31,417.359,-47.025,420.0,353.571
1186,4,250,11,489,B10,32,412.678,-78.083,420.0,349.286
1187,4,251,11,493,B10,33,405.689,-108.704,420.0,345.0
1188,4,252,11,497,B10,34,396.431,-138.717,420.0,340.714
1189,4,253,11,501,B10,35,384.956,-167.955,420.0,336.429
1190,4,254,11,505,B10,36,371.328,-196.253,420.0,332.143
1191,4,255,11,509,B10,37,397.852,-210.271,450.0,332.143
1192,4,256,12,1,B10,38,412.453,-179.952,450.0,336.429
1193,4,257,12,5,B10,39,424.748,-148.626,450.0,340.714
1194,4,258,12,9,B10,40,434.667,-116.469,450.0,345.0
1195,4,259,12,13,B10,41,442.155,-83.66,450.0,349.286
1196,4,260,12,17,B10,42,447.171,-50.384,450.0,353.571
1197,4,261,12,21,B10,43,449.685,-16.826,450.0,357.857
1198,4,262,12,25,B10,44,479.743,-15.705,480.0,358.125
1199,4,263,12,29,B10,45,477.689,-47.048,480.0,354.375
1200,4,264,12,33,B10,46,473.589,-78.19,480.0,350.625
1201,4,265,12,37,B10,47,467.461,-108.997,480.0,346.875
1202,4,266,12,41,B10,48,459.331,-139.337,480.0,343.125
1203,4,267,12,45,B10,49,449.235,-169.08,480.0,339.375
1204,4,268,12,49,B10,50,437.215,-198.099,480.0,335.625
1205,4,269,12,53,B10,51,423.322,-226.271,480.0,331.875
1206,4,270,12,57,B10,52,449.78,-240.412,510.0,331.875
1207,4,271,12,61,B10,53,464.541,-210.481,510.0,335.625
1208,4,272,12,65,B10,54,477.312,-179.648,510.0,339.375
1209,4,273,12,69,B10,55,488.04,-148.045,510.0,343.125
1210,4,274,12,73,B10,56,496.677,-115.809,510.0,346.875
1211,4,275,12,77,B10,57,503.188,-83.077,510.0,350.625
1212,4,276,12,81,B10,58,507.544,-49.989,510.0,354.375
1213,4,277,12,85,B10,59,509.727,-16.687,510.0,358.125
1214,4,278,12,89,B10,60,539.772,-15.706,540.0,358.333
1215,4,279,12,93,B10,61,537.945,-47.064,540.0,355.0
1216,4,280,12,97,B10,62,534.298,-78.263,540.0,351.667
1217,4,281,12,101,B10,63,528.844,-109.198,540.0,348.333
1218,4,282,12,105,B10,64,521.6,-139.762,540.0,345.0
1219,4,283,12,109,B10,65,512.591,-169.854,540.0,341.667
1220,4,284,12,113,B10,66,501.848,-199.371,540.0,338.333
1221,4,285,12,117,B10,67,489.406,-228.214,540.0,335.0
1222,4,286,12,121,B10,68,475.309,-256.284,540.0,331.667
1223,4,287,12,125,B10,69,501.715,-270.522,570.0,331.667
1224,4,288,12,129,B10,70,516.596,-240.893,570.0,335.0
1225,4,289,12,133,B10,71,529.728,-210.448,570.0,338.333
1226,4,290,12,137,B10,72,541.068,-179.291,570.0,341.667
1227,4,291,12,141,B10,73,550.578,-147.527,570.0,345.0
1228,4,292,12,145,B10,74,558.224,-115.264,570.0,348.333
1229,4,293,12,149,B10,75,563.982,-82.611,570.0,351.667
1230,4,294,12,153,B10,76,567.831,-49.679,570.0,355.0
1231,4,295,12,157,B10,77,569.759,-16.578,570.0,358.333
1232,4,296,12,161,B10,78,599.794,-15.706,600.0,358.5
1233,4,297,12,165,B10,79,598.15,-47.076,600.0,355.5
1234,4,298,12,169,B10,80,594.867,-78.316,600.0,352.5
1235,4,299,12,173,B10,81,589.953,-109.341,600.0,349.5
1236,4,300,12,177,B10,82,583.422,-140.067,600.0,346.5
1237,4,301,12,181,B10,83,575.292,-170.409,600.0,343.5
1238,4,302,12,185,B10,84,565.585,-200.284,600.0,340.5
1239,4,303,12,189,B10,85,554.328,-229.61,600.0,337.5
1240,4,304,12,193,B10,86,541.551,-258.307,600.0,334.5
1241,4,305,12,197,B10,87,527.29,-286.295,600.0,331.5
1242,4,306,12,201,B10,88,553.655,-300.61,630.0,331.5
1243,4,307,12,205,B10,89,568.629,-271.222,630.0,334.5
1244,4,308,12,209,B10,90,582.044,-241.091,630.0,337.5
1245,4,309,12,213,B10,91,593.864,-210.298,630.0,340.5
1246,4,310,12,217,B10,92,604.057,-178.93,630.0,343.5
1247,4,311,12,221,B10,93,612.593,-147.071,630.0,346.5
1248,4,312,12,225,B10,94,619.451,-114.808,630.0,349.5
1249,4,313,12,229,B10,95,624.61,-82.232,630.0,352.5
1250,4,314,12,233,B10,96,628.058,-49.429,630.0,355.5
1251,4,315,12,237,B10,97,629.784,-16.492,630.0,358.5
1252,4,316,12,241,B10,98,659.813,-15.707,660.0,358.636
1253,4,317,12,245,B10,99,658.318,-47.084,660.0,355.909
1254,4,318,12,249,B10,100,655.332,-78.355,660.0,353.182
1255,4,319,12,253,B10,101,650.862,-109.448,660.0,350.455
1256,4,320,12,257,B10,102,644.917,-140.293,660.0,347.727
1257,4,321,12,261,B10,103,637.511,-170.821,660.0,345.0
1258,4,322,12,265,B10,104,628.661,-200.961,660.0,342.273
1259,4,323,12,269,B10,105,618.387,-230.646,660.0,339.545
1260,4,324,12,273,B10,106,606.712,-259.809,660.0,336.818
1261,4,325,12,277,B10,107,593.662,-288.383,660.0,334.091
1262,4,326,12,281,B10,108,579.268,-316.304,660.0,331.364
1263,5,0,13,1,B11,0,215.25,106.149,240.0,26.25
1264,5,1,13,5,B11,1,227.263,77.145,240.0,18.75
1265,5,2,13,9,B11,2,235.389,46.822,240.0,11.25
1266,5,3,13,13,B11,3,239.486,15.697,240.0,3.75
1267,5,4,13,17,B11,4,269.422,17.659,270.0,3.75
1268,5,5,13,21,B11,5,264.812,52.674,270.0,11.25
1269,5,6,13,25,B11,6,255.671,86.789,270.0,18.75
1270,5,7,13,29,B11,7,242.156,119.418,270.0,26.25
1271,5,8,13,33,B11,8,267.302,136.197,300.0,27.0
1272,5,9,13,37,B11,9,280.074,107.51,300.0,21.0
1273,5,10,13,41,B11,10,289.778,77.646,300.0,15.0
1274,5,11,13,45,B11,11,296.307,46.93,300.0,9.0
1275,5,12,13,49,B11,12,299.589,15.701,300.0,3.0
1276,5,13,13,53,B11,13,329.548,17.271,330.0,3.0
1277,5,14,13,57,B11,14,325.937,51.623,330.0,9.0
1278,5,15,13,61,B11,15,318.756,85.41,330.0,15.0
1279,5,16,13,65,B11,16,308.082,118.261,330.0,21.0
1280,5,17,13,69,B11,17,294.032,149.817,330.0,27.0
1281,5,18,13,73,B11,18,319.324,166.23,360.0,27.5
1282,5,19,13,77,B11,19,332.597,137.766,360.0,22.5
1283,5,20,13,81,B11,20,343.338,108.254,360.0,17.5
1284,5,21,13,85,B11,21,351.467,77.918,360.0,12.5
1285,5,22,13,89,B11,22,356.92,46.989,360.0,7.5
1286,5,23,13,93,B11,23,359.657,15.703,360.0,2.5
1287,5,24,13,97,B11,24,389.629,17.012,390.0,2.5
1288,5,25,13,101,B11,25,386.664,50.905,390.0,7.5
1289,5,26,13,105,B11,26,380.756,84.411,390.0,12.5
1290,5,27,13,109,B11,27,371.95,117.275,390.0,17.5
1291,5,28,13,113,B11,28,360.313,149.246,390.0,22.5
1292,5,29,13,117,B11,29,345.934,180.082,390.0,27.5
1293,5,30,13,121,B11,30,371.329,196.253,420.0,27.857
1294,5,31,13,125,B11,31,384.956,167.955,420.0,23.571
1295,5,32,13,129,B11,32,396.431,138.717,420.0,19.286
1296,5,33,13,133,B11,33,405.689,108.704,420.0,15.0
1297,5,34,13,137,B11,34,412.678,78.083,420.0,10.714
1298,5,35,13,141,B11,35,417.359,47.025,420.0,6.429
1299,5,36,13,145,B11,36,419.706,15.704,420.0,2.143
1300,5,37,13,149,B11,37,449.685,16.826,450.0,2.143
1301,5,38,13,153,B11,38,447.171,50.384,450.0,6.429
1302,5,39,13,157,B11,39,442.155,83.66,450.0,10.714
1303,5,40,13,161,B11,40,434.667,116.469,450.0,15.0
1304,5,41,13,165,B11,41,424.748,148.626,450.0,19.286
1305,5,42,13,169,B11,42,412.453,179.951,450.0,23.571
1306,5,43,13,173,B11,43,397.852,210.271,450.0,27.857
1307,5,44,13,177,B11,44,423.322,226.27,480.0,28.125
1308,5,45,13,181,B11,45,437.215,198.099,480.0,24.375
1309,5,46,13,185,B11,46,449.235,169.08,480.0,20.625
1310,5,47,13,189,B11,47,459.331,139.337,480.0,16.875
1311,5,48,13,193,B11,48,467.461,108.997,480.0,13.125
1312,5,49,13,197,B11,49,473.589,78.19,480.0,9.375
1313,5,50,13,201,B11,50,477.689,47.048,480.0,5.625
1314,5,51,13,205,B11,51,479.743,15.705,480.0,1.875
1315,5,52,13,209,B11,52,509.727,16.687,510.0,1.875
1316,5,53,13,213,B11,53,507.544,49.989,510.0,5.625
1317,5,54,13,217,B11,54,503.188,83.077,510.0,9.375
1318,5,55,13,221,B11,55,496.677,115.809,510.0,13.125
1319,5,56,13,225,B11,56,488.04,148.045,510.0,16.875
1320,5,57,13,229,B11,57,477.312,179.648,510.0,20.625
1321,5,58,13,233,B11,58,464.541,210.481,510.0,24.375
1322,5,59,13,237,B11,59,449.78,240.412,510.0,28.125
1323,5,60,13,241,B11,60,475.309,256.284,540.0,28.333
1324,5,61,13,245,B11,61,489.406,228.214,540.0,25.0
1325,5,62,13,249,B11,62,501.848,199.371,540.0,21.667
1326,5,63,13,253,B11,63,512.591,169.854,540.0,18.333
1327,5,64,13,257,B11,64,521.6,139.762,540.0,15.0
1328,5,65,13,261,B11,65,528.844,109.197,540.0,11.667
1329,5,66,13,265,B11,66,534.299,78.263,540.0,8.333
1330,5,67,13,269,B11,67,537.945,47.064,540.0,5.0
1331,5,68,13,273,B11,68,539.772,15.706,540.0,1.667
1332,5,69,13,277,B11,69,569.759,16.578,570.0,1.667
1333,5,70,13,281,B11,70,567.831,49.679,570.0,5.0
1334,5,71,13,285,B11,71,563.982,82.611,570.0,8.333
1335,5,72,13,289,B11,72,558.224,115.264,570.0,11.667
1336,5,73,13,293,B11,73,550.578,147.527,570.0,15.0
1337,5,74,13,297,B11,74,541.068,179.29,570.0,18.333
1338,5,75,13,301,B11,75,529.728,210.448,570.0,21.667
1339,5,76,13,305,B11,76,516.595,240.892,570.0,25.0
1340,5,77,13,309,B11,77,501.715,270.522,570.0,28.333
1341,5,78,13,313,B11,78,527.29,286.295,600.0,28.5
1342,5,79,13,317,B11,79,541.551,258.307,600.0,25.5
1343,5,80,13,321,B11,80,554.328,229.61,600.0,22.5
1344,5,81,13,325,B11,81,565.585,200.284,600.0,19.5
1345,5,82,13,329,B11,82,575.292,170.409,600.0,16.5
1346,5,83,13,333,B11,83,583.422,140.067,600.0,13.5
1347,5,84,13,337,B11,84,589.953,109.341,600.0,10.5
1348,5,85,13,341,B11,85,594.867,78.316,600.0,7.5
1349,5,86,13,345,B11,86,598.15,47.075,600.0,4.5
1350,5,87,13,349,B11,87,599.794,15.706,600.0,1.5
1351,5,88,13,353,B11,88,629.784,16.491,630.0,1.5
1352,5,89,13,357,B11,89,628.058,49.429,630.0,4.5
1353,5,90,13,361,B11,90,624.61,82.231,630.0,7.5
1354,5,91,13,365,B11,91,619.451,114.808,630.0,10.5
1355,5,92,13,369,B11,92,612.593,147.071,630.0,13.5
1356,5,93,13,373,B11,93,604.056,178.93,630.0,16.5
1357,5,94,13,377,B11,94,593.864,210.298,630.0,19.5
1358,5,95,13,381,B11,95,582.044,241.09,630.0,22.5
1359,5,96,13,385,B11,96,568.629,271.222,630.0,25.5
1360,5,97,13,389,B11,97,553.655,300.61,630.0,28.5
1361,5,98,13,393,B11,98,579.268,316.304,660.0,28.636
1362,5,99,13,397,B11,99,593.662,288.383,660.0,25.909
1363,5,100,13,401,B11,100,606.712,259.809,660.0,23.182
1364,5,101,13,405,B11,101,618.387,230.646,660.0,20.455
1365,5,102,13,409,B11,102,628.661,200.961,660.0,17.727
1366,5,103,13,413,B11,103,637.511,170.821,660.0,15.0
1367,5,104,13,417,B11,104,644.917,140.293,660.0,12.273
1368,5,105,13,421,B11,105,650.862,109.448,660.0,9.545
1369,5,106,13,425,B11,106,655.332,78.355,660.0,6.818
1370,5,107,13,429,B11,107,658.318,47.084,660.0,4.091
1371,5,108,13,433,B11,108,659.813,15.706,660.0,1.364
1372,5,109,13,437,B12,0,133.337,199.553,240.0,56.25
1373,5,110,13,441,B12,1,158.243,180.442,240.0,48.75
1374,5,111,13,445,B12,2,180.442,158.243,240.0,41.25
1375,5,112,13,449,B12,3,199.553,133.337,240.0,33.75
1376,5,113,13,453,B12,4,224.497,150.004,270.0,33.75
1377,5,114,13,457,B12,5,202.997,178.023,270.0,41.25
1378,5,115,13,461,B12,6,178.023,202.997,270.0,48.75
1379,5,116,13,465,B12,7,150.004,224.497,270.0,56.25
1380,5,117,13,469,B12,8,163.392,251.601,300.0,57.0
1381,5,118,13,473,B12,9,188.796,233.144,300.0,51.0
1382,5,119,13,477,B12,10,212.132,212.132,300.0,45.0
1383,5,120,13,481,B12,11,233.144,188.796,300.0,39.0
1384,5,121,13,485,B12,12,251.601,163.392,300.0,33.0
1385,5,122,13,489,B12,13,276.761,179.731,330.0,33.0
1386,5,123,13,493,B12,14,256.458,207.676,330.0,39.0
1387,5,124,13,497,B12,15,233.345,233.345,330.0,45.0
1388,5,125,13,501,B12,16,207.676,256.458,330.0,51.0
1389,5,126,13,505,B12,17,179.731,276.761,330.0,57.0
1390,5,127,13,509,B12,18,193.428,303.621,360.0,57.5
1391,5,128,14,1,B12,19,219.154,285.607,360.0,52.5
1392,5,129,14,5,B12,20,243.213,265.42,360.0,47.5
1393,5,130,14,9,B12,21,265.42,243.212,360.0,42.5
1394,5,131,14,13,B12,22,285.607,219.154,360.0,37.5
1395,5,132,14,17,B12,23,303.621,193.428,360.0,32.5
1396,5,133,14,21,B12,24,328.923,209.547,390.0,32.5
1397,5,134,14,25,B12,25,309.408,237.417,390.0,37.5
1398,5,135,14,29,B12,26,287.538,263.48,390.0,42.5
1399,5,136,14,33,B12,27,263.48,287.538,390.0,47.5
1400,5,137,14,37,B12,28,237.417,309.408,390.0,52.5
1401,5,138,14,41,B12,29,209.547,328.923,390.0,57.5
1402,5,139,14,45,B12,30,223.454,355.624,420.0,57.857
1403,5,140,14,49,B12,31,249.405,337.931,420.0,53.571
1404,5,141,14,53,B12,32,273.961,318.348,420.0,49.286
1405,5,142,14,57,B12,33,296.985,296.985,420.0,45.0
1406,5,143,14,61,B12,34,318.348,273.961,420.0,40.714
1407,5,144,14,65,B12,35,337.931,249.404,420.0,36.429
1408,5,145,14,69,B12,36,355.624,223.453,420.0,32.143
1409,5,146,14,73,B12,37,381.026,239.414,450.0,32.143
1410,5,147,14,77,B12,38,362.069,267.219,450.0,36.429
1411,5,148,14,81,B12,39,341.087,293.529,450.0,40.714
1412,5,149,14,85,B12,40,318.198,318.198,450.0,45.0
1413,5,150,14,89,B12,41,293.529,341.087,450.0,49.286
1414,5,151,14,93,B12,42,267.219,362.069,450.0,53.571
1415,5,152,14,97,B12,43,239.415,381.026,450.0,57.857
1416,5,153,14,101,B12,44,253.473,407.617,480.0,58.125
1417,5,154,14,105,B12,45,279.589,390.166,480.0,54.375
1418,5,155,14,109,B12,46,304.509,371.045,480.0,50.625
1419,5,156,14,113,B12,47,328.124,350.335,480.0,46.875
1420,5,157,14,117,B12,48,350.335,328.124,480.0,43.125
1421,5,158,14,121,B12,49,371.045,304.509,480.0,39.375
1422,5,159,14,125,B12,50,390.166,279.589,480.0,35.625
1423,5,160,14,129,B12,51,407.617,253.473,480.0,31.875
1424,5,161,14,133,B12,52,433.093,269.315,510.0,31.875
1425,5,162,14,137,B12,53,414.552,297.064,510.0,35.625
1426,5,163,14,141,B12,54,394.235,323.541,510.0,39.375
1427,5,164,14,145,B12,55,372.231,348.632,510.0,43.125
1428,5,165,14,149,B12,56,348.632,372.231,510.0,46.875
1429,5,166,14,153,B12,57,323.541,394.235,510.0,50.625
1430,5,167,14,157,B12,58,297.064,414.552,510.0,54.375
1431,5,168,14,161,B12,59,269.315,433.093,510.0,58.125
1432,5,169,14,165,B12,60,283.487,459.603,540.0,58.333
1433,5,170,14,169,B12,61,309.731,442.342,540.0,55.0
1434,5,171,14,173,B12,62,334.927,423.584,540.0,51.667
1435,5,172,14,177,B12,63,358.99,403.394,540.0,48.333
1436,5,173,14,181,B12,64,381.838,381.838,540.0,45.0
1437,5,174,14,185,B12,65,403.394,358.99,540.0,41.667
1438,5,175,14,189,B12,66,423.585,334.927,540.0,38.333
1439,5,176,14,193,B12,67,442.342,309.731,540.0,35.0
1440,5,177,14,197,B12,68,459.603,283.487,540.0,31.667
1441,5,178,14,201,B12,69,485.137,299.237,570.0,31.667
1442,5,179,14,205,B12,70,466.917,326.939,570.0,35.0
1443,5,180,14,209,B12,71,447.117,353.534,570.0,38.333
1444,5,181,14,213,B12,72,425.804,378.934,570.0,41.667
1445,5,182,14,217,B12,73,403.051,403.051,570.0,45.0
1446,5,183,14,221,B12,74,378.934,425.804,570.0,48.333
1447,5,184,14,225,B12,75,353.534,447.117,570.0,51.667
1448,5,185,14,229,B12,76,326.939,466.917,570.0,55.0
1449,5,186,14,233,B12,77,299.237,485.137,570.0,58.333
1450,5,187,14,237,B12,78,313.499,511.584,600.0,58.5
1451,5,188,14,241,B12,79,339.844,494.476,600.0,55.5
1452,5,189,14,245,B12,80,365.257,476.012,600.0,52.5
1453,5,190,14,249,B12,81,389.669,456.244,600.0,49.5
1454,5,191,14,253,B12,82,413.013,435.225,600.0,46.5
1455,5,192,14,257,B12,83,435.225,413.013,600.0,43.5
1456,5,193,14,261,B12,84,456.244,389.669,600.0,40.5
1457,5,194,14,265,B12,85,476.012,365.257,600.0,37.5
1458,5,195,14,269,B12,86,494.476,339.844,600.0,34.5
1459,5,196,14,273,B12,87,511.584,313.499,600.0,31.5
1460,5,197,14,277,B12,88,537.163,329.174,630.0,31.5
1461,5,198,14,281,B12,89,519.2,356.836,630.0,34.5
1462,5,199,14,285,B12,90,499.813,383.52,630.0,37.5
1463,5,200,14,289,B12,91,479.056,409.152,630.0,40.5
1464,5,201,14,293,B12,92,456.986,433.663,630.0,43.5
1465,5,202,14,297,B12,93,433.663,456.986,630.0,46.5
1466,5,203,14,301,B12,94,409.152,479.056,630.0,49.5
1467,5,204,14,305,B12,95,383.52,499.813,630.0,52.5
1468,5,205,14,309,B12,96,356.836,519.2,630.0,55.5
1469,5,206,14,313,B12,97,329.174,537.163,630.0,58.5
1470,5,207,14,317,B12,98,343.509,563.562,660.0,58.636
1471,5,208,14,321,B12,99,369.935,546.579,660.0,55.909
1472,5,209,14,325,B12,100,395.523,528.357,660.0,53.182
1473,5,210,14,329,B12,101,420.216,508.939,660.0,50.455
1474,5,211,14,333,B12,102,443.956,488.368,660.0,47.727
1475,5,212,14,337,B12,103,466.691,466.691,660.0,45.0
1476,5,213,14,341,B12,104,488.368,443.956,660.0,42.273
1477,5,214,14,345,B12,105,508.939,420.216,660.0,39.545
1478,5,215,14,349,B12,106,528.357,395.523,660.0,36.818
1479,5,216,14,353,B12,107,546.579,369.935,660.0,34.091
1480,5,217,14,357,B12,108,563.562,343.509,660.0,31.364
1481,5,218,14,361,C1,0,15.052,689.836,690.0,88.75
1482,5,219,14,365,C1,1,45.128,688.523,690.0,86.25
1483,5,220,14,369,C1,2,75.118,685.899,690.0,83.75
1484,5,221,14,373,C1,3,104.965,681.97,690.0,81.25
1485,5,222,14,377,C1,4,134.612,676.742,690.0,78.75
1486,5,223,14,381,C1,5,164.003,670.226,690.0,76.25
1487,5,224,14,385,C1,6,193.082,662.434,690.0,73.75
1488,5,225,14,389,C1,7,221.793,653.382,690.0,71.25
1489,5,226,14,393,C1,8,250.082,643.086,690.0,68.75
1490,5,227,14,397,C1,9,277.895,631.565,690.0,66.25
1491,5,228,14,401,C1,10,305.179,618.842,690.0,63.75
1492,5,229,14,405,C1,11,331.882,604.942,690.0,61.25
1493,5,230,14,409,C1,12,346.312,631.243,720.0,61.25
1494,5,231,14,413,C1,13,318.448,645.748,720.0,63.75
1495,5,232,14,417,C1,14,289.978,659.024,720.0,66.25
1496,5,233,14,421,C1,15,260.955,671.046,720.0,68.75
1497,5,234,14,425,C1,16,231.436,681.79,720.0,71.25
1498,5,235,14,429,C1,17,201.477,691.236,720.0,73.75
1499,5,236,14,433,C1,18,171.134,699.366,720.0,76.25
1500,5,237,14,437,C1,19,140.465,706.165,720.0,78.75
1501,5,238,14,441,C1,20,109.529,711.62,720.0,81.25
1502,5,239,14,445,C1,21,78.384,715.721,720.0,83.75
1503,5,240,14,449,C1,22,47.09,718.458,720.0,86.25
1504,5,241,14,453,C1,23,15.707,719.829,720.0,88.75
1505,5,242,14,457,C1,24,15.103,749.848,750.0,88.846
1506,5,243,14,461,C1,25,45.284,748.632,750.0,86.538
1507,5,244,14,465,C1,26,75.391,746.201,750.0,84.231
1508,5,245,14,469,C1,27,105.377,742.56,750.0,81.923
1509,5,246,14,473,C1,28,135.191,737.715,750.0,79.615
1510,5,247,14,477,C1,29,164.786,731.673,750.0,77.308
1511,5,248,14,481,C1,30,194.114,724.444,750.0,75.0
1512,5,249,14,485,C1,31,223.127,716.041,750.0,72.692
1513,5,250,14,489,C1,32,251.778,706.476,750.0,70.385
1514,5,251,14,493,C1,33,280.021,695.764,750.0,68.077
1515,5,252,14,497,C1,34,307.81,683.925,750.0,65.769
1516,5,253,14,501,C1,35,335.099,670.976,750.0,63.462
1517,5,254,14,505,C1,36,361.845,656.939,750.0,61.154
1518,5,255,14,509,C1,37,376.318,683.216,780.0,61.154
1519,5,256,15,1,C1,38,348.503,697.815,780.0,63.462
1520,5,257,15,5,C1,39,320.122,711.282,780.0,65.769
1521,5,258,15,9,C1,40,291.222,723.595,780.0,68.077
1522,5,259,15,13,C1,41,261.849,734.735,780.0,70.385
1523,5,260,15,17,C1,42,232.052,744.682,780.0,72.692
1524,5,261,15,21,C1,43,201.879,753.422,780.0,75.0
1525,5,262,15,25,C1,44,171.378,760.94,780.0,77.308
1526,5,263,15,29,C1,45,140.599,767.224,780.0,79.615
1527,5,264,15,33,C1,46,109.592,772.263,780.0,81.923
1528,5,265,15,37,C1,47,78.407,776.049,780.0,84.231
1529,5,266,15,41,C1,48,47.095,778.577,780.0,86.538
1530,5,267,15,45,C1,49,15.707,779.842,780.0,88.846
1531,5,268,15,49,C1,50,15.146,809.858,810.0,88.929
1532,5,269,15,53,C1,51,45.417,808.726,810.0,86.786
1533,5,270,15,57,C1,52,75.625,806.462,810.0,84.643
1534,5,271,15,61,C1,53,105.726,803.07,810.0,82.5
1535,5,272,15,65,C1,54,135.68,798.556,810.0,80.357
1536,5,273,15,69,C1,55,165.444,792.924,810.0,78.214
1537,5,274,15,73,C1,56,194.977,786.183,810.0,76.071
1538,5,275,15,77,C1,57,224.237,778.343,810.0,73.929
1539,5,276,15,81,C1,58,253.183,769.414,810.0,71.786
1540,5,277,15,85,C1,59,281.775,759.409,810.0,69.643
1541,5,278,15,89,C1,60,309.974,748.342,810.0,67.5
1542,5,279,15,93,C1,61,337.738,736.229,810.0,65.357
1543,5,280,15,97,C1,62,365.031,723.086,810.0,63.214
1544,5,281,15,101,C1,63,391.812,708.931,810.0,61.071
1545,5,282,15,105,C1,64,406.324,735.188,840.0,61.071
1546,5,283,15,109,C1,65,378.55,749.867,840.0,63.214
1547,5,284,15,113,C1,66,350.247,763.497,840.0,65.357
1548,5,285,15,117,C1,67,321.454,776.059,840.0,67.5
1549,5,286,15,121,C1,68,292.212,787.536,840.0,69.643
1550,5,287,15,125,C1,69,262.56,797.911,840.0,71.786
1551,5,288,15,129,C1,70,232.542,807.171,840.0,73.929
1552,5,289,15,133,C1,71,202.198,815.301,840.0,76.071
1553,5,290,15,137,C1,72,171.572,822.291,840.0,78.214
1554,5,291,15,141,C1,73,140.705,828.132,840.0,80.357
1555,5,292,15,145,C1,74,109.642,832.814,840.0,82.5
1556,5,293,15,149,C1,75,78.425,836.331,840.0,84.643
1557,5,294,15,153,C1,76,47.099,838.679,840.0,86.786
1558,5,295,15,157,C1,77,15.707,839.853,840.0,88.929
1559,6,0,16,1,C2,0,-331.882,604.941,690.0,118.75
1560,6,1,16,5,C2,1,-305.179,618.842,690.0,116.25
1561,6,2,16,9,C2,2,-277.895,631.565,690.0,113.75
1562,6,3,16,13,C2,3,-250.082,643.086,690.0,111.25
1563,6,4,16,17,C2,4,-221.793,653.382,690.0,108.75
1564,6,5,16,21,C2,5,-193.082,662.434,690.0,106.25
1565,6,6,16,25,C2,6,-164.003,670.226,690.0,103.75
1566,6,7,16,29,C2,7,-134.612,676.742,690.0,101.25
1567,6,8,16,33,C2,8,-104.965,681.97,690.0,98.75
1568,6,9,16,37,C2,9,-75.118,685.899,690.0,96.25
1569,6,10,16,41,C2,10,-45.128,688.523,690.0,93.75
1570,6,11,16,45,C2,11,-15.052,689.836,690.0,91.25
1571,6,12,16,49,C2,12,-15.707,719.829,720.0,91.25
1572,6,13,16,53,C2,13,-47.09,718.458,720.0,93.75
1573,6,14,16,57,C2,14,-78.384,715.721,720.0,96.25
1574,6,15,16,61,C2,15,-109.529,711.62,720.0,98.75
1575,6,16,16,65,C2,16,-140.465,706.165,720.0,101.25
1576,6,17,16,69,C2,17,-171.134,699.366,720.0,103.75
1577,6,18,16,73,C2,18,-201.477,691.236,720.0,106.25
1578,6,19,16,77,C2,19,-231.436,681.79,720.0,108.75
1579,6,20,16,81,C2,20,-260.955,671.046,720.0,111.25
1580,6,21,16,85,C2,21,-289.978,659.024,720.0,113.75
1581,6,22,16,89,C2,22,-318.448,645.748,720.0,116.25
1582,6,23,16,93,C2,23,-346.312,631.243,720.0,118.75
1583,6,24,16,97,C2,24,-361.845,656.939,750.0,118.846
1584,6,25,16,101,C2,25,-335.099,670.976,750.0,116.538
1585,6,26,16,105,C2,26,-307.81,683.925,750.0,114.231
1586,6,27,16,109,C2,27,-280.021,695.765,750.0,111.923
1587,6,28,16,113,C2,28,-251.778,706.476,750.0,109.615
1588,6,29,16,117,C2,29,-223.127,716.041,750.0,107.308
1589,6,30,16,121,C2,30,-194.114,724.444,750.0,105.0
1590,6,31,16,125,C2,31,-164.786,731.673,750.0,102.692
1591,6,32,16,129,C2,32,-135.191,737.715,750.0,100.385
1592,6,33,16,133,C2,33,-105.377,742.56,750.0,98.077
1593,6,34,16,137,C2,34,-75.392,746.201,750.0,95.769
1594,6,35,16,141,C2,35,-45.284,748.632,750.0,93.462
1595,6,36,16,145,C2,36,-15.103,749.848,750.0,91.154
1596,6,37,16,149,C2,37,-15.707,779.842,780.0,91.154
1597,6,38,16,153,C2,38,-47.095,778.577,780.0,93.462
1598,6,39,16,157,C2,39,-78.407,776.049,780.0,95.769
1599,6,40,16,161,C2,40,-109.592,772.263,780.0,98.077
1600,6,41,16,165,C2,41,-140.599,767.224,780.0,100.385
1601,6,42,16,169,C2,42,-171.378,760.94,780.0,102.692
1602,6,43,16,173,C2,43,-201.879,753.422,780.0,105.0
1603,6,44,16,177,C2,44,-232.052,744.682,780.0,107.308
1604,6,45,16,181,C2,45,-261.849,734.735,780.0,109.615
1605,6,46,16,185,C2,46,-291.222,723.595,780.0,111.923
1606,6,47,16,189,C2,47,-320.122,711.282,780.0,114.231
1607,6,48,16,193,C2,48,-348.503,697.815,780.0,116.538
1608,6,49,16,197,C2,49,-376.318,683.216,780.0,118.846
1609,6,50,16,201,C2,50,-391.812,708.931,810.0,118.929
1610,6,51,16,205,C2,51,-365.031,723.086,810.0,116.786
1611,6,52,16,209,C2,52,-337.738,736.229,810.0,114.643
1612,6,53,16,213,C2,53,-309.974,748.342,810.0,112.5
1613,6,54,16,217,C2,54,-281.775,759.409,810.0,110.357
1614,6,55,16,221,C2,55,-253.183,769.414,810.0,108.214
1615,6,56,16,225,C2,56,-224.237,778.343,810.0,106.071
1616,6,57,16,229,C2,57,-194.977,786.183,810.0,103.929
1617,6,58,16,233,C2,58,-165.444,792.924,810.0,101.786
1618,6,59,16,237,C2,59,-135.68,798.556,810.0,99.643
1619,6,60,16,241,C2,60,-105.726,803.07,810.0,97.5
1620,6,61,16,245,C2,61,-75.625,806.462,810.0,95.357
1621,6,62,16,249,C2,62,-45.417,808.726,810.0,93.214
1622,6,63,16,253,C2,63,-15.146,809.858,810.0,91.071
1623,6,64,16,257,C2,64,-15.707,839.853,840.0,91.071
1624,6,65,16,261,C2,65,-47.099,838.679,840.0,93.214
1625,6,66,16,265,C2,66,-78.425,836.331,840.0,95.357
1626,6,67,16,269,C2,67,-109.642,832.814,840.0,97.5
1627,6,68,16,273,C2,68,-140.705,828.132,840.0,99.643
1628,6,69,16,277,C2,69,-171.572,822.291,840.0,101.786
1629,6,70,16,281,C2,70,-202.198,815.301,840.0,103.929
1630,6,71,16,285,C2,71,-232.542,807.171,840.0,106.071
1631,6,72,16,289,C2,72,-262.56,797.911,840.0,108.214
1632,6,73,16,293,C2,73,-292.211,787.536,840.0,110.357
1633,6,74,16,297,C2,74,-321.454,776.059,840.0,112.5
1634,6,75,16,301,C2,75,-350.247,763.497,840.0,114.643
1635,6,76,16,305,C2,76,-378.55,749.867,840.0,116.786
1636,6,77,16,309,C2,77,-406.324,735.188,840.0,118.929
1637,6,78,16,313,C3,0,-589.889,357.954,690.0,148.75
1638,6,79,16,317,C3,1,-573.714,383.344,690.0,146.25
1639,6,80,16,321,C3,2,-556.447,408.004,690.0,143.75
1640,6,81,16,325,C3,3,-538.12,431.887,690.0,141.25
1641,6,82,16,329,C3,4,-518.769,454.949,690.0,138.75
1642,6,83,16,333,C3,5,-498.431,477.144,690.0,136.25
1643,6,84,16,337,C3,6,-477.144,498.431,690.0,133.75
1644,6,85,16,341,C3,7,-454.949,518.77,690.0,131.25
1645,6,86,16,345,C3,8,-431.887,538.12,690.0,128.75
1646,6,87,16,349,C3,9,-408.004,556.447,690.0,126.25
1647,6,88,16,353,C3,10,-383.343,573.714,690.0,123.75
1648,6,89,16,357,C3,11,-357.954,589.889,690.0,121.25
1649,6,90,16,361,C3,12,-373.517,615.537,720.0,121.25
1650,6,91,16,365,C3,13,-400.011,598.658,720.0,123.75
1651,6,92,16,369,C3,14,-425.743,580.64,720.0,126.25
1652,6,93,16,373,C3,15,-450.665,561.517,720.0,128.75
1653,6,94,16,377,C3,16,-474.729,541.325,720.0,131.25
1654,6,95,16,381,C3,17,-497.889,520.102,720.0,133.75
1655,6,96,16,385,C3,18,-520.102,497.889,720.0,136.25
1656,6,97,16,389,C3,19,-541.325,474.729,720.0,138.75
1657,6,98,16,393,C3,20,-561.517,450.665,720.0,141.25
1658,6,99,16,397,C3,21,-580.64,425.743,720.0,143.75
1659,6,100,16,401,C3,22,-598.658,400.011,720.0,146.25
1660,6,101,16,405,C3,23,-615.537,373.517,720.0,148.75
1661,6,102,16,409,C3,24,-641.836,388.003,750.0,148.846
1662,6,103,16,413,C3,25,-625.692,413.533,750.0,146.538
1663,6,104,16,417,C3,26,-608.533,438.392,750.0,144.231
1664,6,105,16,421,C3,27,-590.388,462.539,750.0,141.923
1665,6,106,16,425,C3,28,-571.284,485.937,750.0,139.615
1666,6,107,16,429,C3,29,-551.254,508.546,750.0,137.308
1667,6,108,16,433,C3,30,-530.33,530.33,750.0,135.0
1668,6,109,16,437,C3,31,-508.546,551.254,750.0,132.692
1669,6,110,16,441,C3,32,-485.937,571.284,750.0,130.385
1670,6,111,16,445,C3,33,-462.539,590.388,750.0,128.077
1671,6,112,16,449,C3,34,-438.392,608.533,750.0,125.769
1672,6,113,16,453,C3,35,-413.533,625.692,750.0,123.462
1673,6,114,16,457,C3,36,-388.003,641.836,750.0,121.154
1674,6,115,16,461,C3,37,-403.523,667.509,780.0,121.154
1675,6,116,16,465,C3,38,-430.074,650.72,780.0,123.462
1676,6,117,16,469,C3,39,-455.927,632.875,780.0,125.769
1677,6,118,16,473,C3,40,-481.041,614.003,780.0,128.077
1678,6,119,16,477,C3,41,-505.374,594.136,780.0,130.385
1679,6,120,16,481,C3,42,-528.888,573.304,780.0,132.692
1680,6,121,16,485,C3,43,-551.543,551.543,780.0,135.0
1681,6,122,16,489,C3,44,-573.304,528.888,780.0,137.308
1682,6,123,16,493,C3,45,-594.136,505.374,780.0,139.615
1683,6,124,16,497,C3,46,-614.003,481.041,780.0,141.923
1684,6,125,16,501,C3,47,-632.875,455.927,780.0,144.231
1685,6,126,16,505,C3,48,-650.72,430.074,780.0,146.538
1686,6,127,16,509,C3,49,-667.509,403.524,780.0,148.846
1687,6,128,17,1,C3,50,-693.785,418.046,810.0,148.929
1688,6,129,17,5,C3,51,-677.669,443.695,810.0,146.786
1689,6,130,17,9,C3,52,-660.604,468.724,810.0,144.643
1690,6,131,17,13,C3,53,-642.616,493.097,810.0,142.5
1691,6,132,17,17,C3,54,-623.729,516.78,810.0,140.357
1692,6,133,17,21,C3,55,-603.97,539.741,810.0,138.214
1693,6,134,17,25,C3,56,-583.366,561.947,810.0,136.071
1694,6,135,17,29,C3,57,-561.946,583.366,810.0,133.929
1695,6,136,17,33,C3,58,-539.741,603.97,810.0,131.786
1696,6,137,17,37,C3,59,-516.78,623.729,810.0,129.643
1697,6,138,17,41,C3,60,-493.097,642.616,810.0,127.5
1698,6,139,17,45,C3,61,-468.724,660.604,810.0,125.357
1699,6,140,17,49,C3,62,-443.695,677.669,810.0,123.214
1700,6,141,17,53,C3,63,-418.046,693.785,810.0,121.071
1701,6,142,17,57,C3,64,-433.529,719.481,840.0,121.071
1702,6,143,17,61,C3,65,-460.128,702.767,840.0,123.214
1703,6,144,17,65,C3,66,-486.084,685.071,840.0,125.357
1704,6,145,17,69,C3,67,-511.36,666.417,840.0,127.5
1705,6,146,17,73,C3,68,-535.92,646.831,840.0,129.643
1706,6,147,17,77,C3,69,-559.731,626.339,840.0,131.786
1707,6,148,17,81,C3,70,-582.759,604.972,840.0,133.929
1708,6,149,17,85,C3,71,-604.972,582.759,840.0,136.071
1709,6,150,17,89,C3,72,-626.339,559.731,840.0,138.214
1710,6,151,17,93,C3,73,-646.83,535.92,840.0,140.357
1711,6,152,17,97,C3,74,-666.417,511.36,840.0,142.5
1712,6,153,17,101,C3,75,-685.071,486.084,840.0,144.643
1713,6,154,17,105,C3,76,-702.767,460.128,840.0,146.786
1714,6,155,17,109,C3,77,-719.481,433.529,840.0,148.929
1715,6,156,17,113,C4,0,-689.836,15.052,690.0,178.75
1716,6,157,17,117,C4,1,-688.523,45.128,690.0,176.25
1717,6,158,17,121,C4,2,-685.899,75.118,690.0,173.75
1718,6,159,17,125,C4,3,-681.97,104.965,690.0,171.25
1719,6,160,17,129,C4,4,-676.742,134.612,690.0,168.75
1720,6,161,17,133,C4,5,-670.226,164.003,690.0,166.25
1721,6,162,17,137,C4,6,-662.434,193.082,690.0,163.75
1722,6,163,17,141,C4,7,-653.382,221.793,690.0,161.25
1723,6,164,17,145,C4,8,-643.086,250.082,690.0,158.75
1724,6,165,17,149,C4,9,-631.565,277.895,690.0,156.25
1725,6,166,17,153,C4,10,-618.842,305.179,690.0,153.75
1726,6,167,17,157,C4,11,-604.942,331.882,690.0,151.25
1727,6,168,17,161,C4,12,-631.243,346.312,720.0,151.25
1728,6,169,17,165,C4,13,-645.748,318.448,720.0,153.75
1729,6,170,17,169,C4,14,-659.024,289.978,720.0,156.25
1730,6,171,17,173,C4,15,-671.046,260.955,720.0,158.75
1731,6,172,17,177,C4,16,-681.79,231.436,720.0,161.25
1732,6,173,17,181,C4,17,-691.236,201.477,720.0,163.75
1733,6,174,17,185,C4,18,-699.366,171.134,720.0,166.25
1734,6,175,17,189,C4,19,-706.165,140.465,720.0,168.75
1735,6,176,17,193,C4,20,-711.62,109.529,720.0,171.25
1736,6,177,17,197,C4,21,-715.721,78.384,720.0,173.75
1737,6,178,17,201,C4,22,-718.458,47.09,720.0,176.25
1738,6,179,17,205,C4,23,-719.829,15.707,720.0,178.75
1739,6,180,17,209,C4,24,-749.848,15.103,750.0,178.846
1740,6,181,17,213,C4,25,-748.632,45.284,750.0,176.538
1741,6,182,17,217,C4,26,-746.201,75.392,750.0,174.231
1742,6,183,17,221,C4,27,-742.56,105.377,750.0,171.923
1743,6,184,17,225,C4,28,-737.715,135.191,750.0,169.615
1744,6,185,17,229,C4,29,-731.673,164.787,750.0,167.308
1745,6,186,17,233,C4,30,-724.444,194.114,750.0,165.0
1746,6,187,17,237,C4,31,-716.041,223.127,750.0,162.692
1747,6,188,17,241,C4,32,-706.476,251.778,750.0,160.385
1748,6,189,17,245,C4,33,-695.764,280.021,750.0,158.077
1749,6,190,17,249,C4,34,-683.925,307.81,750.0,155.769
1750,6,191,17,253,C4,35,-670.976,335.099,750.0,153.462
1751,6,192,17,257,C4,36,-656.939,361.845,750.0,151.154
1752,6,193,17,261,C4,37,-683.216,376.318,780.0,151.154
1753,6,194,17,265,C4,38,-697.815,348.503,780.0,153.462
1754,6,195,17,269,C4,39,-711.282,320.122,780.0,155.769
1755,6,196,17,273,C4,40,-723.595,291.222,780.0,158.077
1756,6,197,17,277,C4,41,-734.735,261.85,780.0,160.385
1757,6,198,17,281,C4,42,-744.682,232.052,780.0,162.692
1758,6,199,17,285,C4,43,-753.422,201.879,780.0,165.0
1759,6,200,17,289,C4,44,-760.94,171.378,780.0,167.308
1760,6,201,17,293,C4,45,-767.224,140.599,780.0,169.615
1761,6,202,17,297,C4,46,-772.263,109.592,780.0,171.923
1762,6,203,17,301,C4,47,-776.049,78.407,780.0,174.231
1763,6,204,17,305,C4,48,-778.577,47.095,780.0,176.538
1764,6,205,17,309,C4,49,-779.842,15.707,780.0,178.846
1765,6,206,17,313,C4,50,-809.858,15.146,810.0,178.929
1766,6,207,17,317,C4,51,-808.726,45.417,810.0,176.786
1767,6,208,17,321,C4,52,-806.462,75.625,810.0,174.643
1768,6,209,17,325,C4,53,-803.07,105.726,810.0,172.5
1769,6,210,17,329,C4,54,-798.556,135.68,810.0,170.357
1770,6,211,17,333,C4,55,-792.924,165.444,810.0,168.214
1771,6,212,17,337,C4,56,-786.183,194.977,810.0,166.071
1772,6,213,17,341,C4,57,-778.343,224.237,810.0,163.929
1773,6,214,17,345,C4,58,-769.414,253.183,810.0,161.786
1774,6,215,17,349,C4,59,-759.409,281.775,810.0,159.643
1775,6,216,17,353,C4,60,-748.342,309.974,810.0,157.5
1776,6,217,17,357,C4,61,-736.229,337.738,810.0,155.357
1777,6,218,17,361,C4,62,-723.086,365.031,810.0,153.214
1778,6,219,17,365,C4,63,-708.931,391.812,810.0,151.071
1779,6,220,17,369,C4,64,-735.188,406.324,840.0,151.071
1780,6,221,17,373,C4,65,-749.867,378.55,840.0,153.214
1781,6,222,17,377,C4,66,-763.497,350.247,840.0,155.357
1782,6,223,17,381,C4,67,-776.059,321.454,840.0,157.5
1783,6,224,17,385,C4,68,-787.536,292.212,840.0,159.643
1784,6,225,17,389,C4,69,-797.911,262.56,840.0,161.786
1785,6,226,17,393,C4,70,-807.171,232.542,840.0,163.929
1786,6,227,17,397,C4,71,-815.301,202.198,840.0,166.071
1787,6,228,17,401,C4,72,-822.291,171.572,840.0,168.214
1788,6,229,17,405,C4,73,-828.132,140.705,840.0,170.357
1789,6,230,17,409,C4,74,-832.814,109.642,840.0,172.5
1790,6,231,17,413,C4,75,-836.331,78.426,840.0,174.643
1791,6,232,17,417,C4,76,-838.679,47.099,840.0,176.786
1792,6,233,17,421,C4,77,-839.853,15.707,840.0,178.929
1793,6,234,17,425,C5,0,-604.941,-331.882,690.0,208.75
1794,6,235,17,429,C5,1,-618.842,-305.179,690.0,206.25
1795,6,236,17,433,C5,2,-631.565,-277.895,690.0,203.75
1796,6,237,17,437,C5,3,-643.086,-250.082,690.0,201.25
1797,6,238,17,441,C5,4,-653.382,-221.793,690.0,198.75
1798,6,239,17,445,C5,5,-662.434,-193.082,690.0,196.25
1799,6,240,17,449,C5,6,-670.226,-164.003,690.0,193.75
1800,6,241,17,453,C5,7,-676.742,-134.612,690.0,191.25
1801,6,242,17,457,C5,8,-681.97,-104.965,690.0,188.75
1802,6,243,17,461,C5,9,-685.899,-75.118,690.0,186.25
1803,6,244,17,465,C5,10,-688.523,-45.128,690.0,183.75
1804,6,245,17,469,C5,11,-689.836,-15.052,690.0,181.25
1805,6,246,17,473,C5,12,-719.829,-15.707,720.0,181.25
1806,6,247,17,477,C5,13,-718.458,-47.09,720.0,183.75
1807,6,248,17,481,C5,14,-715.721,-78.384,720.0,186.25
1808,6,249,17,485,C5,15,-711.62,-109.529,720.0,188.75
1809,6,250,17,489,C5,16,-706.165,-140.465,720.0,191.25
1810,6,251,17,493,C5,17,-699.366,-171.134,720.0,193.75
1811,6,252,17,497,C5,18,-691.236,-201.477,720.0,196.25
1812,6,253,17,501,C5,19,-681.79,-231.436,720.0,198.75
1813,6,254,17,505,C5,20,-671.046,-260.955,720.0,201.25
1814,6,255,17,509,C5,21,-659.024,-289.978,720.0,203.75
1815,6,256,18,1,C5,22,-645.748,-318.448,720.0,206.25
1816,6,257,18,5,C5,23,-631.243,-346.312,720.0,208.75
1817,6,258,18,9,C5,24,-656.939,-361.845,750.0,208.846
1818,6,259,18,13,C5,25,-670.976,-335.099,750.0,206.538
1819,6,260,18,17,C5,26,-683.925,-307.81,750.0,204.231
1820,6,261,18,21,C5,27,-695.765,-280.021,750.0,201.923
1821,6,262,18,25,C5,28,-706.476,-251.778,750.0,199.615
1822,6,263,18,29,C5,29,-716.041,-223.127,750.0,197.308
1823,6,264,18,33,C5,30,-724.444,-194.114,750.0,195.0
1824,6,265,18,37,C5,31,-731.673,-164.786,750.0,192.692
1825,6,266,18,41,C5,32,-737.715,-135.191,750.0,190.385
1826,6,267,18,45,C5,33,-742.56,-105.377,750.0,188.077
1827,6,268,18,49,C5,34,-746.201,-75.392,750.0,185.769
1828,6,269,18,53,C5,35,-748.632,-45.284,750.0,183.462
1829,6,270,18,57,C5,36,-749.848,-15.103,750.0,181.154
1830,6,271,18,61,C5,37,-779.842,-15.707,780.0,181.154
1831,6,272,18,65,C5,38,-778.577,-47.095,780.0,183.462
1832,6,273,18,69,C5,39,-776.049,-78.407,780.0,185.769
1833,6,274,18,73,C5,40,-772.263,-109.592,780.0,188.077
1834,6,275,18,77,C5,41,-767.224,-140.599,780.0,190.385
1835,6,276,18,81,C5,42,-760.94,-171.378,780.0,192.692
1836,6,277,18,85,C5,43,-753.422,-201.879,780.0,195.0
1837,6,278,18,89,C5,44,-744.682,-232.052,780.0,197.308
1838,6,279,18,93,C5,45,-734.735,-261.849,780.0,199.615
1839,6,280,18,97,C5,46,-723.595,-291.222,780.0,201.923
1840,6,281,18,101,C5,47,-711.282,-320.122,780.0,204.231
1841,6,282,18,105,C5,48,-697.815,-348.503,780.0,206.538
1842,6,283,18,109,C5,49,-683.216,-376.318,780.0,208.846
1843,6,284,18,113,C5,50,-708.931,-391.812,810.0,208.929
1844,6,285,18,117,C5,51,-723.086,-365.031,810.0,206.786
1845,6,286,18,121,C5,52,-736.229,-337.738,810.0,204.643
1846,6,287,18,125,C5,53,-748.342,-309.974,810.0,202.5
1847,6,288,18,129,C5,54,-759.409,-281.775,810.0,200.357
1848,6,289,18,133,C5,55,-769.414,-253.183,810.0,198.214
1849,6,290,18,137,C5,56,-778.343,-224.237,810.0,196.071
1850,6,291,18,141,C5,57,-786.183,-194.977,810.0,193.929
1851,6,292,18,145,C5,58,-792.924,-165.444,810.0,191.786
1852,6,293,18,149,C5,59,-798.556,-135.68,810.0,189.643
1853,6,294,18,153,C5,60,-803.07,-105.726,810.0,187.5
1854,6,295,18,157,C5,61,-806.462,-75.625,810.0,185.357
1855,6,296,18,161,C5,62,-808.726,-45.417,810.0,183.214
1856,6,297,18,165,C5,63,-809.858,-15.146,810.0,181.071
1857,6,298,18,169,C5,64,-839.853,-15.707,840.0,181.071
1858,6,299,18,173,C5,65,-838.679,-47.099,840.0,183.214
1859,6,300,18,177,C5,66,-836.331,-78.425,840.0,185.357
1860,6,301,18,181,C5,67,-832.814,-109.642,840.0,187.5
1861,6,302,18,185,C5,68,-828.132,-140.705,840.0,189.643
1862,6,303,18,189,C5,69,-822.291,-171.572,840.0,191.786
1863,6,304,18,193,C5,70,-815.301,-202.198,840.0,193.929
1864,6,305,18,197,C5,71,-807.171,-232.542,840.0,196.071
1865,6,306,18,201,C5,72,-797.911,-262.56,840.0,198.214
1866,6,307,18,205,C5,73,-787.536,-292.211,840.0,200.357
1867,6,308,18,209,C5,74,-776.059,-321.454,840.0,202.5
1868,6,309,18,213,C5,75,-763.497,-350.247,840.0,204.643
1869,6,310,18,217,C5,76,-749.867,-378.55,840.0,206.786
1870,6,311,18,221,C5,77,-735.188,-406.324,840.0,208.929
1871,7,0,19,1,C6,0,-357.954,-589.889,690.0,238.75
1872,7,1,19,5,C6,1,-383.344,-573.714,690.0,236.25
1873,7,2,19,9,C6,2,-408.004,-556.447,690.0,233.75
1874,7,3,19,13,C6,3,-431.887,-538.12,690.0,231.25
1875,7,4,19,17,C6,4,-454.949,-518.769,690.0,228.75
1876,7,5,19,21,C6,5,-477.144,-498.431,690.0,226.25
1877,7,6,19,25,C6,6,-498.431,-477.144,690.0,223.75
1878,7,7,19,29,C6,7,-518.77,-454.949,690.0,221.25
1879,7,8,19,33,C6,8,-538.12,-431.887,690.0,218.75
1880,7,9,19,37,C6,9,-556.447,-408.004,690.0,216.25
1881,7,10,19,41,C6,10,-573.714,-383.343,690.0,213.75
1882,7,11,19,45,C6,11,-589.889,-357.954,690.0,211.25
1883,7,12,19,49,C6,12,-615.537,-373.517,720.0,211.25
1884,7,13,19,53,C6,13,-598.658,-400.011,720.0,213.75
1885,7,14,19,57,C6,14,-580.64,-425.743,720.0,216.25
1886,7,15,19,61,C6,15,-561.517,-450.665,720.0,218.75
1887,7,16,19,65,C6,16,-541.325,-474.729,720.0,221.25
1888,7,17,19,69,C6,17,-520.102,-497.889,720.0,223.75
1889,7,18,19,73,C6,18,-497.889,-520.102,720.0,226.25
1890,7,19,19,77,C6,19,-474.729,-541.325,720.0,228.75
1891,7,20,19,81,C6,20,-450.665,-561.517,720.0,231.25
1892,7,21,19,85,C6,21,-425.743,-580.64,720.0,233.75
1893,7,22,19,89,C6,22,-400.011,-598.658,720.0,236.25
1894,7,23,19,93,C6,23,-373.517,-615.537,720.0,238.75
1895,7,24,19,97,C6,24,-388.003,-641.836,750.0,238.846
1896,7,25,19,101,C6,25,-413.533,-625.692,750.0,236.538
1897,7,26,19,105,C6,26,-438.392,-608.533,750.0,234.231
1898,7,27,19,109,C6,27,-462.539,-590.388,750.0,231.923
1899,7,28,19,113,C6,28,-485.937,-571.284,750.0,229.615
1900,7,29,19,117,C6,29,-508.546,-551.254,750.0,227.308
1901,7,30,19,121,C6,30,-530.33,-530.33,750.0,225.0
1902,7,31,19,125,C6,31,-551.254,-508.546,750.0,222.692
1903,7,32,19,129,C6,32,-571.284,-485.937,750.0,220.385
1904,7,33,19,133,C6,33,-590.388,-462.539,750.0,218.077
1905,7,34,19,137,C6,34,-608.533,-438.392,750.0,215.769
1906,7,35,19,141,C6,35,-625.692,-413.533,750.0,213.462
1907,7,36,19,145,C6,36,-641.836,-388.003,750.0,211.154
1908,7,37,19,149,C6,37,-667.509,-403.523,780.0,211.154
1909,7,38,19,153,C6,38,-650.72,-430.074,780.0,213.462
1910,7,39,19,157,C6,39,-632.875,-455.927,780.0,215.769
1911,7,40,19,161,C6,40,-614.003,-481.041,780.0,218.077
1912,7,41,19,165,C6,41,-594.136,-505.374,780.0,220.385
1913,7,42,19,169,C6,42,-573.304,-528.888,780.0,222.692
1914,7,43,19,173,C6,43,-551.543,-551.543,780.0,225.0
1915,7,44,19,177,C6,44,-528.888,-573.304,780.0,227.308
1916,7,45,19,181,C6,45,-505.374,-594.136,780.0,229.615
1917,7,46,19,185,C6,46,-481.041,-614.003,780.0,231.923
1918,7,47,19,189,C6,47,-455.927,-632.875,780.0,234.231
1919,7,48,19,193,C6,48,-430.074,-650.72,780.0,236.538
1920,7,49,19,197,C6,49,-403.524,-667.509,780.0,238.846
1921,7,50,19,201,C6,50,-418.046,-693.785,810.0,238.929
1922,7,51,19,205,C6,51,-443.695,-677.669,810.0,236.786
1923,7,52,19,209,C6,52,-468.724,-660.604,810.0,234.643
1924,7,53,19,213,C6,53,-493.097,-642.616,810.0,232.5
1925,7,54,19,217,C6,54,-516.78,-623.729,810.0,230.357
1926,7,55,19,221,C6,55,-539.741,-603.97,810.0,228.214
1927,7,56,19,225,C6,56,-561.947,-583.366,810.0,226.071
1928,7,57,19,229,C6,57,-583.366,-561.946,810.0,223.929
1929,7,58,19,233,C6,58,-603.97,-539.741,810.0,221.786
1930,7,59,19,237,C6,59,-623.729,-516.78,810.0,219.643
1931,7,60,19,241,C6,60,-642.616,-493.097,810.0,217.5
1932,7,61,19,245,C6,61,-660.604,-468.724,810.0,215.357
1933,7,62,19,249,C6,62,-677.669,-443.695,810.0,213.214
1934,7,63,19,253,C6,63,-693.785,-418.046,810.0,211.071
1935,7,64,19,257,C6,64,-719.481,-433.529,840.0,211.071
1936,7,65,19,261,C6,65,-702.767,-460.128,840.0,213.214
1937,7,66,19,265,C6,66,-685.071,-486.084,840.0,215.357
1938,7,67,19,269,C6,67,-666.417,-511.36,840.0,217.5
1939,7,68,19,273,C6,68,-646.831,-535.92,840.0,219.643
1940,7,69,19,277,C6,69,-626.339,-559.731,840.0,221.786
1941,7,70,19,281,C6,70,-604.972,-582.759,840.0,223.929
1942,7,71,19,285,C6,71,-582.759,-604.972,840.0,226.071
1943,7,72,19,289,C6,72,-559.731,-626.339,840.0,228.214
1944,7,73,19,293,C6,73,-535.92,-646.83,840.0,230.357
1945,7,74,19,297,C6,74,-511.36,-666.417,840.0,232.5
1946,7,75,19,301,C6,75,-486.084,-685.071,840.0,234.643
1947,7,76,19,305,C6,76,-460.128,-702.767,840.0,236.786
1948,7,77,19,309,C6,77,-433.529,-719.481,840.0,238.929
1949,7,78,19,313,C7,0,-15.052,-689.836,690.0,268.75
1950,7,79,19,317,C7,1,-45.128,-688.523,690.0,266.25
1951,7,80,19,321,C7,2,-75.118,-685.899,690.0,263.75
1952,7,81,19,325,C7,3,-104.965,-681.97,690.0,261.25
1953,7,82,19,329,C7,4,-134.612,-676.742,690.0,258.75
1954,7,83,19,333,C7,5,-164.003,-670.226,690.0,256.25
1955,7,84,19,337,C7,6,-193.082,-662.434,690.0,253.75
1956,7,85,19,341,C7,7,-221.793,-653.382,690.0,251.25
1957,7,86,19,345,C7,8,-250.082,-643.086,690.0,248.75
1958,7,87,19,349,C7,9,-277.895,-631.565,690.0,246.25
1959,7,88,19,353,C7,10,-305.179,-618.842,690.0,243.75
1960,7,89,19,357,C7,11,-331.882,-604.942,690.0,241.25
1961,7,90,19,361,C7,12,-346.312,-631.243,720.0,241.25
1962,7,91,19,365,C7,13,-318.448,-645.748,720.0,243.75
1963,7,92,19,369,C7,14,-289.978,-659.024,720.0,246.25
1964,7,93,19,373,C7,15,-260.955,-671.046,720.0,248.75
1965,7,94,19,377,C7,16,-231.436,-681.79,720.0,251.25
1966,7,95,19,381,C7,17,-201.477,-691.236,720.0,253.75
1967,7,96,19,385,C7,18,-171.134,-699.366,720.0,256.25
1968,7,97,19,389,C7,19,-140.465,-706.165,720.0,258.75
1969,7,98,19,393,C7,20,-109.529,-711.62,720.0,261.25
1970,7,99,19,397,C7,21,-78.384,-715.721,720.0,263.75
1971,7,100,19,401,C7,22,-47.09,-718.458,720.0,266.25
1972,7,101,19,405,C7,23,-15.707,-719.829,720.0,268.75
1973,7,102,19,409,C7,24,-15.103,-749.848,750.0,268.846
1974,7,103,19,413,C7,25,-45.284,-748.632,750.0,266.538
1975,7,104,19,417,C7,26,-75.392,-746.201,750.0,264.231
1976,7,105,19,421,C7,27,-105.377,-742.56,750.0,261.923
1977,7,106,19,425,C7,28,-135.191,-737.715,750.0,259.615
1978,7,107,19,429,C7,29,-164.787,-731.673,750.0,257.308
1979,7,108,19,433,C7,30,-194.114,-724.444,750.0,255.0
1980,7,109,19,437,C7,31,-223.127,-716.041,750.0,252.692
1981,7,110,19,441,C7,32,-251.778,-706.476,750.0,250.385
1982,7,111,19,445,C7,33,-280.021,-695.764,750.0,248.077
1983,7,112,19,449,C7,34,-307.81,-683.925,750.0,245.769
1984,7,113,19,453,C7,35,-335.099,-670.976,750.0,243.462
1985,7,114,19,457,C7,36,-361.845,-656.939,750.0,241.154
1986,7,115,19,461,C7,37,-376.318,-683.216,780.0,241.154
1987,7,116,19,465,C7,38,-348.503,-697.815,780.0,243.462
1988,7,117,19,469,C7,39,-320.122,-711.282,780.0,245.769
1989,7,118,19,473,C7,40,-291.222,-723.595,780.0,248.077
1990,7,119,19,477,C7,41,-261.85,-734.735,780.0,250.385
1991,7,120,19,481,C7,42,-232.052,-744.682,780.0,252.692
1992,7,121,19,485,C7,43,-201.879,-753.422,780.0,255.0
1993,7,122,19,489,C7,44,-171.378,-760.94,780.0,257.308
1994,7,123,19,493,C7,45,-140.599,-767.224,780.0,259.615
1995,7,124,19,497,C7,46,-109.592,-772.263,780.0,261.923
1996,7,125,19,501,C7,47,-78.407,-776.049,780.0,264.231
1997,7,126,19,505,C7,48,-47.095,-778.577,780.0,266.538
1998,7,127,19,509,C7,49,-15.707,-779.842,780.0,268.846
1999,7,128,20,1,C7,50,-15.146,-809.858,810.0,268.929
2000,7,129,20,5,C7,51,-45.417,-808.726,810.0,266.786
2001,7,130,20,9,C7,52,-75.625,-806.462,810.0,264.643
2002,7,131,20,13,C7,53,-105.726,-803.07,810.0,262.5
2003,7,132,20,17,C7,54,-135.68,-798.556,810.0,260.357
2004,7,133,20,21,C7,55,-165.444,-792.924,810.0,258.214
2005,7,134,20,25,C7,56,-194.977,-786.183,810.0,256.071
2006,7,135,20,29,C7,57,-224.237,-778.343,810.0,253.929
2007,7,136,20,33,C7,58,-253.183,-769.414,810.0,251.786
2008,7,137,20,37,C7,59,-281.775,-759.409,810.0,249.643
2009,7,138,20,41,C7,60,-309.974,-748.342,810.0,247.5
2010,7,139,20,45,C7,61,-337.738,-736.229,810.0,245.357
2011,7,140,20,49,C7,62,-365.031,-723.086,810.0,243.214
2012,7,141,20,53,C7,63,-391.812,-708.931,810.0,241.071
2013,7,142,20,57,C7,64,-406.324,-735.188,840.0,241.071
2014,7,143,20,61,C7,65,-378.55,-749.867,840.0,243.214
2015,7,144,20,65,C7,66,-350.247,-763.497,840.0,245.357
2016,7,145,20,69,C7,67,-321.454,-776.059,840.0,247.5
2017,7,146,20,73,C7,68,-292.212,-787.536,840.0,249.643
2018,7,147,20,77,C7,69,-262.56,-797.911,840.0,251.786
2019,7,148,20,81,C7,70,-232.542,-807.171,840.0,253.929
2020,7,149,20,85,C7,71,-202.198,-815.301,840.0,256.071
2021,7,150,20,89,C7,72,-171.572,-822.291,840.0,258.214
2022,7,151,20,93,C7,73,-140.705,-828.132,840.0,260.357
2023,7,152,20,97,C7,74,-109.642,-832.814,840.0,262.5
2024,7,153,20,101,C7,75,-78.426,-836.331,840.0,264.643
2025,7,154,20,105,C7,76,-47.099,-838.679,840.0,266.786
2026,7,155,20,109,C7,77,-15.707,-839.853,840.0,268.929
2027,7,156,20,113,C8,0,331.882,-604.941,690.0,298.75
2028,7,157,20,117,C8,1,305.179,-618.842,690.0,296.25
2029,7,158,20,121,C8,2,277.895,-631.565,690.0,293.75
2030,7,159,20,125,C8,3,250.082,-643.086,690.0,291.25
2031,7,160,20,129,C8,4,221.793,-653.382,690.0,288.75
2032,7,161,20,133,C8,5,193.082,-662.434,690.0,286.25
2033,7,162,20,137,C8,6,164.003,-670.226,690.0,283.75
2034,7,163,20,141,C8,7,134.612,-676.742,690.0,281.25
2035,7,164,20,145,C8,8,104.965,-681.97,690.0,278.75
2036,7,165,20,149,C8,9,75.118,-685.899,690.0,276.25
2037,7,166,20,153,C8,10,45.128,-688.523,690.0,273.75
2038,7,167,20,157,C8,11,15.052,-689.836,690.0,271.25
2039,7,168,20,161,C8,12,15.707,-719.829,720.0,271.25
2040,7,169,20,165,C8,13,47.09,-718.458,720.0,273.75
2041,7,170,20,169,C8,14,78.384,-715.721,720.0,276.25
2042,7,171,20,173,C8,15,109.529,-711.62,720.0,278.75
2043,7,172,20,177,C8,16,140.465,-706.165,720.0,281.25
2044,7,173,20,181,C8,17,171.134,-699.366,720.0,283.75
2045,7,174,20,185,C8,18,201.477,-691.236,720.0,286.25
2046,7,175,20,189,C8,19,231.436,-681.79,720.0,288.75
2047,7,176,20,193,C8,20,260.955,-671.046,720.0,291.25
2048,7,177,20,197,C8,21,289.978,-659.024,720.0,293.75
2049,7,178,20,201,C8,22,318.448,-645.748,720.0,296.25
2050,7,179,20,205,C8,23,346.312,-631.243,720.0,298.75
2051,7,180,20,209,C8,24,361.845,-656.939,750.0,298.846
2052,7,181,20,213,C8,25,335.099,-670.976,750.0,296.538
2053,7,182,20,217,C8,26,307.81,-683.925,750.0,294.231
2054,7,183,20,221,C8,27,280.021,-695.765,750.0,291.923
2055,7,184,20,225,C8,28,251.778,-706.476,750.0,289.615
2056,7,185,20,229,C8,29,223.127,-716.041,750.0,287.308
2057,7,186,20,233,C8,30,194.114,-724.444,750.0,285.0
2058,7,187,20,237,C8,31,164.786,-731.673,750.0,282.692
2059,7,188,20,241,C8,32,135.191,-737.715,750.0,280.385
2060,7,189,20,245,C8,33,105.377,-742.56,750.0,278.077
2061,7,190,20,249,C8,34,75.392,-746.201,750.0,275.769
2062,7,191,20,253,C8,35,45.284,-748.632,750.0,273.462
2063,7,192,20,257,C8,36,15.103,-749.848,750.0,271.154
2064,7,193,20,261,C8,37,15.707,-779.842,780.0,271.154
2065,7,194,20,265,C8,38,47.095,-778.577,780.0,273.462
2066,7,195,20,269,C8,39,78.407,-776.049,780.0,275.769
2067,7,196,20,273,C8,40,109.592,-772.263,780.0,278.077
2068,7,197,20,277,C8,41,140.599,-767.224,780.0,280.385
2069,7,198,20,281,C8,42,171.378,-760.94,780.0,282.692
2070,7,199,20,285,C8,43,201.879,-753.422,780.0,285.0
2071,7,200,20,289,C8,44,232.052,-744.682,780.0,287.308
2072,7,201,20,293,C8,45,261.849,-734.735,780.0,289.615
2073,7,202,20,297,C8,46,291.222,-723.595,780.0,291.923
2074,7,203,20,301,C8,47,320.122,-711.282,780.0,294.231
2075,7,204,20,305,C8,48,348.503,-697.815,780.0,296.538
2076,7,205,20,309,C8,49,376.318,-683.216,780.0,298.846
2077,7,206,20,313,C8,50,391.812,-708.931,810.0,298.929
2078,7,207,20,317,C8,51,365.031,-723.086,810.0,296.786
2079,7,208,20,321,C8,52,337.738,-736.229,810.0,294.643
2080,7,209,20,325,C8,53,309.974,-748.342,810.0,292.5
2081,7,210,20,329,C8,54,281.775,-759.409,810.0,290.357
2082,7,211,20,333,C8,55,253.183,-769.414,810.0,288.214
2083,7,212,20,337,C8,56,224.237,-778.343,810.0,286.071
2084,7,213,20,341,C8,57,194.977,-786.183,810.0,283.929
2085,7,214,20,345,C8,58,165.444,-792.924,810.0,281.786
2086,7,215,20,349,C8,59,135.68,-798.556,810.0,279.643
2087,7,216,20,353,C8,60,105.726,-803.07,810.0,277.5
2088,7,217,20,357,C8,61,75.625,-806.462,810.0,275.357
2089,7,218,20,361,C8,62,45.417,-808.726,810.0,273.214
2090,7,219,20,365,C8,63,15.146,-809.858,810.0,271.071
2091,7,220,20,369,C8,64,15.707,-839.853,840.0,271.071
2092,7,221,20,373,C8,65,47.099,-838.679,840.0,273.214
2093,7,222,20,377,C8,66,78.425,-836.331,840.0,275.357
2094,7,223,20,381,C8,67,109.642,-832.814,840.0,277.5
2095,7,224,20,385,C8,68,140.705,-828.132,840.0,279.643
2096,7,225,20,389,C8,69,171.572,-822.291,840.0,281.786
2097,7,226,20,393,C8,70,202.198,-815.301,840.0,283.929
2098,7,227,20,397,C8,71,232.542,-807.171,840.0,286.071
2099,7,228,20,401,C8,72,262.56,-797.911,840.0,288.214
2100,7,229,20,405,C8,73,292.211,-787.536,840.0,290.357
2101,7,230,20,409,C8,74,321.454,-776.059,840.0,292.5
2102,7,231,20,413,C8,75,350.247,-763.497,840.0,294.643
2103,7,232,20,417,C8,76,378.55,-749.867,840.0,296.786
2104,7,233,20,421,C8,77,406.324,-735.188,840.0,298.929
2105,7,234,20,425,C9,0,589.889,-357.954,690.0,328.75
2106,7,235,20,429,C9,1,573.714,-383.344,690.0,326.25
2107,7,236,20,433,C9,2,556.447,-408.004,690.0,323.75
2108,7,237,20,437,C9,3,538.12,-431.887,690.0,321.25
2109,7,238,20,441,C9,4,518.769,-454.949,690.0,318.75
2110,7,239,20,445,C9,5,498.431,-477.144,690.0,316.25
2111,7,240,20,449,C9,6,477.144,-498.431,690.0,313.75
2112,7,241,20,453,C9,7,454.949,-518.77,690.0,311.25
2113,7,242,20,457,C9,8,431.887,-538.12,690.0,308.75
2114,7,243,20,461,C9,9,408.004,-556.447,690.0,306.25
2115,7,244,20,465,C9,10,383.343,-573.714,690.0,303.75
2116,7,245,20,469,C9,11,357.954,-589.889,690.0,301.25
2117,7,246,20,473,C9,12,373.517,-615.537,720.0,301.25
2118,7,247,20,477,C9,13,400.011,-598.658,720.0,303.75
2119,7,248,20,481,C9,14,425.743,-580.64,720.0,306.25
2120,7,249,20,485,C9,15,450.665,-561.517,720.0,308.75
2121,7,250,20,489,C9,16,474.729,-541.325,720.0,311.25
2122,7,251,20,493,C9,17,497.889,-520.102,720.0,313.75
2123,7,252,20,497,C9,18,520.102,-497.889,720.0,316.25
2124,7,253,20,501,C9,19,541.325,-474.729,720.0,318.75
2125,7,254,20,505,C9,20,561.517,-450.665,720.0,321.25
2126,7,255,20,509,C9,21,580.64,-425.743,720.0,323.75
2127,7,256,21,1,C9,22,598.658,-400.011,720.0,326.25
2128,7,257,21,5,C9,23,615.537,-373.517,720.0,328.75
2129,7,258,21,9,C9,24,641.836,-388.003,750.0,328.846
2130,7,259,21,13,C9,25,625.692,-413.533,750.0,326.538
2131,7,260,21,17,C9,26,608.533,-438.392,750.0,324.231
2132,7,261,21,21,C9,27,590.388,-462.539,750.0,321.923
2133,7,262,21,25,C9,28,571.284,-485.937,750.0,319.615
2134,7,263,21,29,C9,29,551.254,-508.546,750.0,317.308
2135,7,264,21,33,C9,30,530.33,-530.33,750.0,315.0
2136,7,265,21,37,C9,31,508.546,-551.254,750.0,312.692
2137,7,266,21,41,C9,32,485.937,-571.284,750.0,310.385
2138,7,267,21,45,C9,33,462.539,-590.388,750.0,308.077
2139,7,268,21,49,C9,34,438.392,-608.533,750.0,305.769
2140,7,269,21,53,C9,35,413.533,-625.692,750.0,303.462
2141,7,270,21,57,C9,36,388.003,-641.836,750.0,301.154
2142,7,271,21,61,C9,37,403.523,-667.509,780.0,301.154
2143,7,272,21,65,C9,38,430.074,-650.72,780.0,303.462
2144,7,273,21,69,C9,39,455.927,-632.875,780.0,305.769
2145,7,274,21,73,C9,40,481.041,-614.003,780.0,308.077
2146,7,275,21,77,C9,41,505.374,-594.136,780.0,310.385
2147,7,276,21,81,C9,42,528.888,-573.304,780.0,312.692
2148,7,277,21,85,C9,43,551.543,-551.543,780.0,315.0
2149,7,278,21,89,C9,44,573.304,-528.888,780.0,317.308
2150,7,279,21,93,C9,45,594.136,-505.374,780.0,319.615
2151,7,280,21,97,C9,46,614.003,-481.041,780.0,321.923
2152,7,281,21,101,C9,47,632.875,-455.927,780.0,324.231
2153,7,282,21,105,C9,48,650.72,-430.074,780.0,326.538
2154,7,283,21,109,C9,49,667.509,-403.524,780.0,328.846
2155,7,284,21,113,C9,50,693.785,-418.046,810.0,328.929
2156,7,285,21,117,C9,51,677.669,-443.695,810.0,326.786
2157,7,286,21,121,C9,52,660.604,-468.724,810.0,324.643
2158,7,287,21,125,C9,53,642.616,-493.097,810.0,322.5
2159,7,288,21,129,C9,54,623.729,-516.78,810.0,320.357
2160,7,289,21,133,C9,55,603.97,-539.741,810.0,318.214
2161,7,290,21,137,C9,56,583.366,-561.947,810.0,316.071
2162,7,291,21,141,C9,57,561.946,-583.366,810.0,313.929
2163,7,292,21,145,C9,58,539.741,-603.97,810.0,311.786
2164,7,293,21,149,C9,59,516.78,-623.729,810.0,309.643
2165,7,294,21,153,C9,60,493.097,-642.616,810.0,307.5
2166,7,295,21,157,C9,61,468.724,-660.604,810.0,305.357
2167,7,296,21,161,C9,62,443.695,-677.669,810.0,303.214
2168,7,297,21,165,C9,63,418.046,-693.785,810.0,301.071
2169,7,298,21,169,C9,64,433.529,-719.481,840.0,301.071
2170,7,299,21,173,C9,65,460.128,-702.767,840.0,303.214
2171,7,300,21,177,C9,66,486.084,-685.071,840.0,305.357
2172,7,301,21,181,C9,67,511.36,-666.417,840.0,307.5
2173,7,302,21,185,C9,68,535.92,-646.831,840.0,309.643
2174,7,303,21,189,C9,69,559.731,-626.339,840.0,311.786
2175,7,304,21,193,C9,70,582.759,-604.972,840.0,313.929
2176,7,305,21,197,C9,71,604.972,-582.759,840.0,316.071
2177,7,306,21,201,C9,72,626.339,-559.731,840.0,318.214
2178,7,307,21,205,C9,73,646.83,-535.92,840.0,320.357
2179,7,308,21,209,C9,74,666.417,-511.36,840.0,322.5
2180,7,309,21,213,C9,75,685.071,-486.084,840.0,324.643
2181,7,310,21,217,C9,76,702.767,-460.128,840.0,326.786
2182,7,311,21,221,C9,77,719.481,-433.529,840.0,328.929
2183,8,0,22,1,C10,0,689.836,-15.052,690.0,358.75
2184,8,1,22,5,C10,1,688.523,-45.128,690.0,356.25
2185,8,2,22,9,C10,2,685.899,-75.118,690.0,353.75
2186,8,3,22,13,C10,3,681.97,-104.965,690.0,351.25
2187,8,4,22,17,C10,4,676.742,-134.612,690.0,348.75
2188,8,5,22,21,C10,5,670.226,-164.003,690.0,346.25
2189,8,6,22,25,C10,6,662.434,-193.082,690.0,343.75
2190,8,7,22,29,C10,7,653.382,-221.793,690.0,341.25
2191,8,8,22,33,C10,8,643.086,-250.082,690.0,338.75
2192,8,9,22,37,C10,9,631.565,-277.895,690.0,336.25
2193,8,10,22,41,C10,10,618.842,-305.179,690.0,333.75
2194,8,11,22,45,C10,11,604.941,-331.882,690.0,331.25
2195,8,12,22,49,C10,12,631.243,-346.312,720.0,331.25
2196,8,13,22,53,C10,13,645.748,-318.448,720.0,333.75
2197,8,14,22,57,C10,14,659.024,-289.978,720.0,336.25
2198,8,15,22,61,C10,15,671.046,-260.955,720.0,338.75
2199,8,16,22,65,C10,16,681.79,-231.436,720.0,341.25
2200,8,17,22,69,C10,17,691.236,-201.477,720.0,343.75
2201,8,18,22,73,C10,18,699.366,-171.134,720.0,346.25
2202,8,19,22,77,C10,19,706.165,-140.465,720.0,348.75
2203,8,20,22,81,C10,20,711.62,-109.529,720.0,351.25
2204,8,21,22,85,C10,21,715.721,-78.384,720.0,353.75
2205,8,22,22,89,C10,22,718.458,-47.09,720.0,356.25
2206,8,23,22,93,C10,23,719.829,-15.707,720.0,358.75
2207,8,24,22,97,C10,24,749.848,-15.103,750.0,358.846
2208,8,25,22,101,C10,25,748.632,-45.284,750.0,356.538
2209,8,26,22,105,C10,26,746.201,-75.392,750.0,354.231
2210,8,27,22,109,C10,27,742.56,-105.377,750.0,351.923
2211,8,28,22,113,C10,28,737.715,-135.191,750.0,349.615
2212,8,29,22,117,C10,29,731.673,-164.787,750.0,347.308
2213,8,30,22,121,C10,30,724.444,-194.114,750.0,345.0
2214,8,31,22,125,C10,31,716.041,-223.127,750.0,342.692
2215,8,32,22,129,C10,32,706.476,-251.778,750.0,340.385
2216,8,33,22,133,C10,33,695.764,-280.021,750.0,338.077
2217,8,34,22,137,C10,34,683.925,-307.81,750.0,335.769
2218,8,35,22,141,C10,35,670.976,-335.099,750.0,333.462
2219,8,36,22,145,C10,36,656.939,-361.845,750.0,331.154
2220,8,37,22,149,C10,37,683.216,-376.318,780.0,331.154
2221,8,38,22,153,C10,38,697.815,-348.503,780.0,333.462
2222,8,39,22,157,C10,39,711.282,-320.122,780.0,335.769
2223,8,40,22,161,C10,40,723.595,-291.222,780.0,338.077
2224,8,41,22,165,C10,41,734.735,-261.85,780.0,340.385
2225,8,42,22,169,C10,42,744.682,-232.052,780.0,342.692
2226,8,43,22,173,C10,43,753.422,-201.879,780.0,345.0
2227,8,44,22,177,C10,44,760.94,-171.378,780.0,347.308
2228,8,45,22,181,C10,45,767.224,-140.599,780.0,349.615
2229,8,46,22,185,C10,46,772.263,-109.592,780.0,351.923
2230,8,47,22,189,C10,47,776.049,-78.407,780.0,354.231
2231,8,48,22,193,C10,48,778.577,-47.095,780.0,356.538
2232,8,49,22,197,C10,49,779.842,-15.707,780.0,358.846
2233,8,50,22,201,C10,50,809.858,-15.146,810.0,358.929
2234,8,51,22,205,C10,51,808.726,-45.417,810.0,356.786
2235,8,52,22,209,C10,52,806.462,-75.625,810.0,354.643
2236,8,53,22,213,C10,53,803.07,-105.726,810.0,352.5
2237,8,54,22,217,C10,54,798.556,-135.68,810.0,350.357
2238,8,55,22,221,C10,55,792.924,-165.444,810.0,348.214
2239,8,56,22,225,C10,56,786.183,-194.977,810.0,346.071
2240,8,57,22,229,C10,57,778.343,-224.237,810.0,343.929
2241,8,58,22,233,C10,58,769.414,-253.183,810.0,341.786
2242,8,59,22,237,C10,59,759.409,-281.775,810.0,339.643
2243,8,60,22,241,C10,60,748.342,-309.974,810.0,337.5
2244,8,61,22,245,C10,61,736.229,-337.738,810.0,335.357
2245,8,62,22,249,C10,62,723.086,-365.031,810.0,333.214
2246,8,63,22,253,C10,63,708.931,-391.812,810.0,331.071
2247,8,64,22,257,C10,64,735.188,-406.324,840.0,331.071
2248,8,65,22,261,C10,65,749.866,-378.55,840.0,333.214
2249,8,66,22,265,C10,66,763.497,-350.247,840.0,335.357
2250,8,67,22,269,C10,67,776.059,-321.454,840.0,337.5
2251,8,68,22,273,C10,68,787.536,-292.212,840.0,339.643
2252,8,69,22,277,C10,69,797.911,-262.56,840.0,341.786
2253,8,70,22,281,C10,70,807.171,-232.542,840.0,343.929
2254,8,71,22,285,C10,71,815.301,-202.198,840.0,346.071
2255,8,72,22,289,C10,72,822.291,-171.572,840.0,348.214
2256,8,73,22,293,C10,73,828.132,-140.705,840.0,350.357
2257,8,74,22,297,C10,74,832.814,-109.642,840.0,352.5
2258,8,75,22,301,C10,75,836.331,-78.426,840.0,354.643
2259,8,76,22,305,C10,76,838.679,-47.099,840.0,356.786
2260,8,77,22,309,C10,77,839.853,-15.707,840.0,358.929
2261,8,78,22,313,C11,0,604.941,331.882,690.0,28.75
2262,8,79,22,317,C11,1,618.842,305.179,690.0,26.25
2263,8,80,22,321,C11,2,631.565,277.895,690.0,23.75
2264,8,81,22,325,C11,3,643.086,250.082,690.0,21.25
2265,8,82,22,329,C11,4,653.382,221.793,690.0,18.75
2266,8,83,22,333,C11,5,662.434,193.082,690.0,16.25
2267,8,84,22,337,C11,6,670.226,164.003,690.0,13.75
2268,8,85,22,341,C11,7,676.742,134.612,690.0,11.25
2269,8,86,22,345,C11,8,681.97,104.965,690.0,8.75
2270,8,87,22,349,C11,9,685.899,75.118,690.0,6.25
2271,8,88,22,353,C11,10,688.523,45.128,690.0,3.75
2272,8,89,22,357,C11,11,689.836,15.052,690.0,1.25
2273,8,90,22,361,C11,12,719.829,15.707,720.0,1.25
2274,8,91,22,365,C11,13,718.458,47.09,720.0,3.75
2275,8,92,22,369,C11,14,715.721,78.384,720.0,6.25
2276,8,93,22,373,C11,15,711.62,109.529,720.0,8.75
2277,8,94,22,377,C11,16,706.165,140.465,720.0,11.25
2278,8,95,22,381,C11,17,699.366,171.134,720.0,13.75
2279,8,96,22,385,C11,18,691.236,201.477,720.0,16.25
2280,8,97,22,389,C11,19,681.79,231.436,720.0,18.75
2281,8,98,22,393,C11,20,671.046,260.955,720.0,21.25
2282,8,99,22,397,C11,21,659.024,289.978,720.0,23.75
2283,8,100,22,401,C11,22,645.748,318.448,720.0,26.25
2284,8,101,22,405,C11,23,631.243,346.312,720.0,28.75
2285,8,102,22,409,C11,24,656.939,361.845,750.0,28.846
2286,8,103,22,413,C11,25,670.976,335.099,750.0,26.538
2287,8,104,22,417,C11,26,683.925,307.81,750.0,24.231
2288,8,105,22,421,C11,27,695.765,280.021,750.0,21.923
2289,8,106,22,425,C11,28,706.476,251.778,750.0,19.615
2290,8,107,22,429,C11,29,716.041,223.127,750.0,17.308
2291,8,108,22,433,C11,30,724.444,194.114,750.0,15.0
2292,8,109,22,437,C11,31,731.673,164.786,750.0,12.692
2293,8,110,22,441,C11,32,737.715,135.191,750.0,10.385
2294,8,111,22,445,C11,33,742.56,105.377,750.0,8.077
2295,8,112,22,449,C11,34,746.201,75.392,750.0,5.769
2296,8,113,22,453,C11,35,748.632,45.284,750.0,3.462
2297,8,114,22,457,C11,36,749.848,15.103,750.0,1.154
2298,8,115,22,461,C11,37,779.842,15.707,780.0,1.154
2299,8,116,22,465,C11,38,778.577,47.095,780.0,3.462
2300,8,117,22,469,C11,39,776.049,78.407,780.0,5.769
2301,8,118,22,473,C11,40,772.263,109.592,780.0,8.077
2302,8,119,22,477,C11,41,767.224,140.599,780.0,10.385
2303,8,120,22,481,C11,42,760.94,171.378,780.0,12.692
2304,8,121,22,485,C11,43,753.422,201.879,780.0,15.0
2305,8,122,22,489,C11,44,744.682,232.052,780.0,17.308
2306,8,123,22,493,C11,45,734.735,261.849,780.0,19.615
2307,8,124,22,497,C11,46,723.595,291.222,780.0,21.923
2308,8,125,22,501,C11,47,711.282,320.122,780.0,24.231
2309,8,126,22,505,C11,48,697.815,348.503,780.0,26.538
2310,8,127,22,509,C11,49,683.216,376.318,780.0,28.846
2311,8,128,23,1,C11,50,708.931,391.812,810.0,28.929
2312,8,129,23,5,C11,51,723.086,365.031,810.0,26.786
2313,8,130,23,9,C11,52,736.229,337.738,810.0,24.643
2314,8,131,23,13,C11,53,748.342,309.974,810.0,22.5
2315,8,132,23,17,C11,54,759.409,281.775,810.0,20.357
2316,8,133,23,21,C11,55,769.414,253.183,810.0,18.214
2317,8,134,23,25,C11,56,778.343,224.237,810.0,16.071
2318,8,135,23,29,C11,57,786.183,194.977,810.0,13.929
2319,8,136,23,33,C11,58,792.924,165.444,810.0,11.786
2320,8,137,23,37,C11,59,798.556,135.68,810.0,9.643
2321,8,138,23,41,C11,60,803.07,105.726,810.0,7.5
2322,8,139,23,45,C11,61,806.462,75.625,810.0,5.357
2323,8,140,23,49,C11,62,808.726,45.417,810.0,3.214
2324,8,141,23,53,C11,63,809.858,15.146,810.0,1.071
2325,8,142,23,57,C11,64,839.853,15.707,840.0,1.071
2326,8,143,23,61,C11,65,838.679,47.099,840.0,3.214
2327,8,144,23,65,C11,66,836.331,78.425,840.0,5.357
2328,8,145,23,69,C11,67,832.814,109.642,840.0,7.5
2329,8,146,23,73,C11,68,828.132,140.705,840.0,9.643
2330,8,147,23,77,C11,69,822.291,171.572,840.0,11.786
2331,8,148,23,81,C11,70,815.301,202.198,840.0,13.929
2332,8,149,23,85,C11,71,807.171,232.542,840.0,16.071
2333,8,150,23,89,C11,72,797.911,262.56,840.0,18.214
2334,8,151,23,93,C11,73,787.536,292.211,840.0,20.357
2335,8,152,23,97,C11,74,776.059,321.454,840.0,22.5
2336,8,153,23,101,C11,75,763.497,350.247,840.0,24.643
2337,8,154,23,105,C11,76,749.867,378.55,840.0,26.786
2338,8,155,23,109,C11,77,735.188,406.324,840.0,28.929
2339,8,156,23,113,C12,0,357.954,589.889,690.0,58.75
2340,8,157,23,117,C12,1,383.344,573.714,690.0,56.25
2341,8,158,23,121,C12,2,408.004,556.447,690.0,53.75
2342,8,159,23,125,C12,3,431.887,538.12,690.0,51.25
2343,8,160,23,129,C12,4,454.949,518.769,690.0,48.75
2344,8,161,23,133,C12,5,477.144,498.431,690.0,46.25
2345,8,162,23,137,C12,6,498.431,477.144,690.0,43.75
2346,8,163,23,141,C12,7,518.77,454.949,690.0,41.25
2347,8,164,23,145,C12,8,538.12,431.887,690.0,38.75
2348,8,165,23,149,C12,9,556.447,408.004,690.0,36.25
2349,8,166,23,153,C12,10,573.714,383.343,690.0,33.75
2350,8,167,23,157,C12,11,589.889,357.954,690.0,31.25
2351,8,168,23,161,C12,12,615.537,373.517,720.0,31.25
2352,8,169,23,165,C12,13,598.658,400.011,720.0,33.75
2353,8,170,23,169,C12,14,580.64,425.743,720.0,36.25
2354,8,171,23,173,C12,15,561.517,450.665,720.0,38.75
2355,8,172,23,177,C12,16,541.325,474.729,720.0,41.25
2356,8,173,23,181,C12,17,520.102,497.889,720.0,43.75
2357,8,174,23,185,C12,18,497.889,520.102,720.0,46.25
2358,8,175,23,189,C12,19,474.729,541.325,720.0,48.75
2359,8,176,23,193,C12,20,450.665,561.517,720.0,51.25
2360,8,177,23,197,C12,21,425.743,580.64,720.0,53.75
2361,8,178,23,201,C12,22,400.011,598.658,720.0,56.25
2362,8,179,23,205,C12,23,373.517,615.537,720.0,58.75
2363,8,180,23,209,C12,24,388.003,641.836,750.0,58.846
2364,8,181,23,213,C12,25,413.533,625.692,750.0,56.538
2365,8,182,23,217,C12,26,438.392,608.533,750.0,54.231
2366,8,183,23,221,C12,27,462.539,590.388,750.0,51.923
2367,8,184,23,225,C12,28,485.937,571.284,750.0,49.615
2368,8,185,23,229,C12,29,508.546,551.254,750.0,47.308
2369,8,186,23,233,C12,30,530.33,530.33,750.0,45.0
2370,8,187,23,237,C12,31,551.254,508.546,750.0,42.692
2371,8,188,23,241,C12,32,571.284,485.937,750.0,40.385
2372,8,189,23,245,C12,33,590.388,462.539,750.0,38.077
2373,8,190,23,249,C12,34,608.533,438.392,750.0,35.769
2374,8,191,23,253,C12,35,625.692,413.533,750.0,33.462
2375,8,192,23,257,C12,36,641.836,388.003,750.0,31.154
2376,8,193,23,261,C12,37,667.509,403.523,780.0,31.154
2377,8,194,23,265,C12,38,650.72,430.074,780.0,33.462
2378,8,195,23,269,C12,39,632.875,455.927,780.0,35.769
2379,8,196,23,273,C12,40,614.003,481.041,780.0,38.077
2380,8,197,23,277,C12,41,594.136,505.374,780.0,40.385
2381,8,198,23,281,C12,42,573.304,528.888,780.0,42.692
2382,8,199,23,285,C12,43,551.543,551.543,780.0,45.0
2383,8,200,23,289,C12,44,528.888,573.304,780.0,47.308
2384,8,201,23,293,C12,45,505.374,594.136,780.0,49.615
2385,8,202,23,297,C12,46,481.041,614.003,780.0,51.923
2386,8,203,23,301,C12,47,455.927,632.875,780.0,54.231
2387,8,204,23,305,C12,48,430.074,650.72,780.0,56.538
2388,8,205,23,309,C12,49,403.524,667.509,780.0,58.846
2389,8,206,23,313,C12,50,418.046,693.785,810.0,58.929
2390,8,207,23,317,C12,51,443.695,677.669,810.0,56.786
2391,8,208,23,321,C12,52,468.724,660.604,810.0,54.643
2392,8,209,23,325,C12,53,493.097,642.616,810.0,52.5
2393,8,210,23,329,C12,54,516.78,623.729,810.0,50.357
2394,8,211,23,333,C12,55,539.741,603.97,810.0,48.214
2395,8,212,23,337,C12,56,561.947,583.366,810.0,46.071
2396,8,213,23,341,C12,57,583.366,561.946,810.0,43.929
2397,8,214,23,345,C12,58,603.97,539.741,810.0,41.786
2398,8,215,23,349,C12,59,623.729,516.78,810.0,39.643
2399,8,216,23,353,C12,60,642.616,493.097,810.0,37.5
2400,8,217,23,357,C12,61,660.604,468.724,810.0,35.357
2401,8,218,23,361,C12,62,677.669,443.695,810.0,33.214
2402,8,219,23,365,C12,63,693.785,418.046,810.0,31.071
2403,8,220,23,369,C12,64,719.481,433.529,840.0,31.071
2404,8,221,23,373,C12,65,702.767,460.128,840.0,33.214
2405,8,222,23,377,C12,66,685.071,486.084,840.0,35.357
2406,8,223,23,381,C12,67,666.417,511.36,840.0,37.5
2407,8,224,23,385,C12,68,646.831,535.92,840.0,39.643
2408,8,225,23,389,C12,69,626.339,559.731,840.0,41.786
2409,8,226,23,393,C12,70,604.972,582.759,840.0,43.929
2410,8,227,23,397,C12,71,582.759,604.972,840.0,46.071
2411,8,228,23,401,C12,72,559.731,626.339,840.0,48.214
2412,8,229,23,405,C12,73,535.92,646.83,840.0,50.357
2413,8,230,23,409,C12,74,511.36,666.417,840.0,52.5
2414,8,231,23,413,C12,75,486.084,685.071,840.0,54.643
2415,8,232,23,417,C12,76,460.128,702.767,840.0,56.786
2416,8,233,23,421,C12,77,433.529,719.481,840.0,58.929
